basename,date,cloud_cover,satellite,region,red_mean,green_mean,blue_mean,red_std,green_std,blue_std,red_green_ratio,blue_green_ratio,red_blue_ratio,brightness_mean,brightness_std,brightness_max,saturation_mean,saturation_std,hue_mean,edge_density,edge_mean,edge_std,edge_max,canny_edge_count,canny_edge_density,terminus_y,terminus_x,terminus_width,glacier_top_y,glacier_length,contrast,dissimilarity,homogeneity,energy,correlation,ASM,lbp_mean,lbp_std,local_std_3x3,local_std_5x5,local_std_7x7,entropy_mean,entropy_std,glacier_area,glacier_percentage,perimeter,eccentricity,solidity,extent,major_axis,minor_axis,orientation,centroid_y,centroid_x,bbox_height,bbox_width,bbox_area,convex_area,filled_area,red_min,red_max,red_median,red_range,red_percentile_25,red_percentile_75,red_skewness,red_kurtosis,green_min,green_max,green_median,green_range,green_percentile_25,green_percentile_75,green_skewness,green_kurtosis,blue_min,blue_max,blue_median,blue_range,blue_percentile_25,blue_percentile_75,blue_skewness,blue_kurtosis,gradient_mean,gradient_std,gradient_max,gradient_direction_mean,gradient_direction_std
Filchner_East_2020-11-14_S2_RAW,2020-11-14,22.966096,SENTINEL2,Filchner_East,154.94473696558413,161.87433285706004,159.4343741115878,112.29100025905781,117.13865379946895,115.36225367051917,0.9571915091832955,0.9849268336585191,0.9718402184527751,158.75114797807734,114.9151007157721,255.0,0.029017286936640133,0.02751348472661723,1.5782058679911233,0.6576739033830736,5.809452378441575,16.316513843708513,280.5160175660405,155892,0.14342664670796412,1097,453.6145833333333,986,1,1096,292.9607341277949,5.249721792391255,0.4899197856485229,0.3414988578334776,0.9888401181162138,0.11662270912057073,21.563093022335774,7.430963933998603,3.8319837010658957,4.741559256104197,5.349263839002883,2.5399625663387138,1.9674172131123866,715166,65.79802762139678,4415.633872589878,0.7943671862047214,0.9978136907328112,0.6579802762139678,1312.4197430486224,797.2134614423494,0.6200353253371292,668.5607481339997,371.867932759667,1099,989,1086911,716733.0,716233.0,0,255,230.0,255,0.0,242.0,-0.6383421781733938,-1.56432046272746,0,255,242.0,255,0.0,252.0,-0.6464320753478932,-1.5634625147187289,0,255,238.0,255,0.0,247.0,-0.6468488063605793,-1.5632171224522027,3.8610146126296416,10.148298027138964,282.5871055483994,0.11436241636287109,1.4787000665894414
Thwaites_East_2018-12-21_S2_RAW,2018-12-21,0.01417,SENTINEL2,Thwaites_East,87.5355104608196,89.20213292889798,89.80892731122088,112.71112327848898,114.74930590897392,115.4491756974252,0.9813163383715839,1.0068024649444862,0.9746860705437386,88.84885690031284,114.29781199035206,255.0,0.010361981076005987,0.02449308600731956,-0.6359352558328514,0.3772502925873488,2.97686168398451,14.774659459751005,285.0986671312232,59533,0.06523821212692374,761,1025.3703703703704,553,1,760,214.59836091483862,2.6238580624946244,0.7541757940922923,0.6214521861196782,0.9917374217471,0.38620319548811705,22.225754700026737,5.6720354702015205,1.7047527931059379,2.3725656312165473,2.8842058712392453,1.2191620749494654,1.6592733153437564,344337,37.733576754318676,3617.6662684342314,0.803357164061309,0.9953576167172049,0.8131415819489214,886.2526629195079,527.7612410033692,0.21194778842318487,352.74303952232844,964.8947048966564,763,555,423465,345943.0,344581.0,0,255,0.0,255,0.0,231.0,0.5208851324957569,-1.7147250690528657,0,255,0.0,255,0.0,236.0,0.5176884270488185,-1.7199591632971993,0,255,0.0,255,0.0,237.0,0.515393660443417,-1.723296974332718,1.764307558066674,8.799373363539432,180.31222920256963,-0.0337746097309224,1.1218280920790922
Cook_Front_2018-12-19_S2_RAW,2018-12-19,0.008758,SENTINEL2,Cook_Front,241.8407932338501,244.1433522953127,245.26748544278638,7.20051273708491,6.296632904705504,5.56442004503303,0.9905688234395319,1.004604397935904,0.9860287546763543,243.75054365731637,6.299831584774439,255.0,0.014346013976026273,0.010433723096169408,-1.0892760756265722,0.9859416798272472,2.7198822841516517,4.492587984958834,128.39565586282285,302050,0.20281394699240446,1309,512.6788511749347,1133,1,1308,96.28494288187925,4.438330957343552,0.28348740334415196,0.058558636477606146,0.6391655305727986,0.003445973123136353,20.22803593107079,8.810545448303012,1.8330117842167506,2.106376916570188,2.2376741219769287,3.377690666748823,0.7128401284223281,1123758,75.45565152931319,32163.937064582722,0.663169950730687,0.7979218166325945,0.661482337963709,1474.3764015389397,1103.524806799324,0.8586188496831187,503.50427704404336,634.589692054859,1311,1136,1489296,1234636.0,1069425.0,101,255,242.0,154,239.0,246.0,-2.867162969105068,27.31856610250212,117,255,244.0,138,241.0,248.0,-2.4983207190327197,23.890846343169407,128,255,246.0,127,243.0,248.0,-2.5557692192583357,25.337067404450586,1.8747449192434504,3.2374622047567967,110.78106536969413,0.30386549906197313,1.7649945717586566
Larsen_B_Remnant_2024-11-07_S2_RAW,2024-11-07,10.894796,SENTINEL2,Larsen_B_Remnant,170.70772823414612,174.34430143751942,176.75047767402052,104.53251491044296,106.13515394914329,107.26833048442144,0.9791414277754615,1.0138012898417676,0.9658119767511149,173.93416911522863,105.95015460588723,255.0,0.029396233204852382,0.04906088335863959,-1.6312058975678054,0.7385876112755599,10.939421086520753,22.619647062760723,285.0986671312232,222076,0.1513265845694256,1126,1191.867924528302,1298,1,1125,591.7119716556962,9.599822109759351,0.3815424111498404,0.2598725838429914,0.9734750786206309,0.06753483804847309,20.903879857828947,7.972691234530899,6.864443760322508,8.668501571405654,9.821245149114894,3.2080331592430147,2.024173611186301,1075666,73.29781782698525,9642.39995900447,0.767054643906481,0.9890273497812735,0.7328643814632497,1536.2117601853367,985.6054669769006,1.048739899579197,448.1545784793849,755.427668459013,1128,1301,1467528,1087431.0,1082076.0,0,255,233.0,255,0.0,243.0,-0.9585188263541411,-0.9912949112459088,0,255,238.0,255,0.0,246.0,-0.9835667541530718,-0.9631761166102262,0,255,242.0,255,0.0,249.0,-0.9932960705408789,-0.9493376148320816,7.0357198506034155,13.98378417439377,264.9146613114831,0.012967054127296892,1.5452021325491736
Thwaites_East_2024-11-23_S2_RAW,2024-11-23,2.085139,SENTINEL2,Thwaites_East,89.75183442405222,91.81704743202549,92.34393149730207,115.71231238590815,118.18104293241919,118.7179460742892,0.9775073032096795,1.0057384122002624,0.9719299684200389,91.30427111779322,117.5262924252821,255.0,0.011590735821697038,0.02747917816623285,-0.26724351452813505,0.365145723841376,3.954332623794421,15.699457679893966,285.0986671312232,60676,0.06649074897977969,761,992.4556962025316,553,1,760,247.92109359225196,3.476836992778616,0.7342359386310866,0.6216400547313418,0.9909706251049119,0.386436912609403,22.13783055795421,5.654030795796239,2.275034473129746,3.111442361429829,3.72558620025945,1.339701213681544,1.8188753660788977,345176,37.82551712348282,2996.3544725075503,0.8025142613787263,0.9977828717447672,0.815122855489828,886.1514664396559,528.7071511356975,0.2081359116375819,352.3030193292697,965.244947505041,763,555,423465,345943.0,345539.0,0,255,0.0,255,0.0,237.0,0.5291937490295011,-1.6976410378506033,0,255,0.0,255,0.0,243.0,0.5226877641591686,-1.7088587363106151,0,255,0.0,255,0.0,244.0,0.5179917909397762,-1.716339286896824,2.3777580631470254,9.376106290220983,180.31222920256963,-0.07325933084828032,1.1009476059009062
Dotson_Front_2018-02-14_S2_RAW,2018-02-14,17.287233,SENTINEL2,Dotson_Front,4.862000980338761,6.069386199008768,7.174513915364087,17.424592938930093,17.193674071596917,17.210164618496318,0.8010696338705057,1.1820822864126848,0.6776767091996448,6.035300364903874,17.2448262725329,255.0,0.3791247134793687,0.2825296543283433,-1.4851081672172721,0.6913920810413376,1.1647188136654463,6.521347802991138,270.37283928350166,155024,0.1407185520033404,901,841.5344827586207,1045,1,900,42.90809265864913,0.996293138053156,0.8133715406824683,0.4101161966134224,0.9249574420970322,0.1682069417515177,22.170496341884064,5.98175253882376,0.6382256555022724,0.8882308822173058,1.0753161749897087,0.9310793845101382,1.168528832916206,4562,0.4141023546284698,288.8883476483185,0.8139568915433828,0.9560776302349336,0.5525383707201889,98.26712032540955,57.08585420088097,-0.9579743305510304,875.9810363247864,1188.0560897435898,77,88,6776,3916.0,3744.0,0,255,2.0,255,0.0,3.0,10.519792549312548,132.81396321925376,0,255,4.0,255,0.0,5.0,10.470386490587167,131.9944167730463,0,255,5.0,255,0.0,6.0,10.11014811887864,125.33635128376469,0.678467339788229,3.724217859579757,213.16920769921512,0.21060099270656402,1.445260920420338
McMurdo_Sound_2019-11-09_S2_RAW,2019-11-09,28.791547,SENTINEL2,McMurdo_Sound,14.216186386080027,14.613293437578713,15.147015602632209,51.646887816649645,52.64267643768217,54.093322920545155,0.9728256293974915,1.0365230580792522,0.9385470219965787,14.658831808763644,52.764773998523935,255.0,0.010472010028596391,0.0645843923530624,-0.16190148823546804,0.08572144611984675,1.7289556122963792,10.882049218063887,280.734057625916,12032,0.015229242373037964,192,4.5,674,1,191,123.68304061476327,1.537123370526791,0.9300196320600779,0.9167234749039977,0.9774004950930154,0.8403823124019191,23.549738690401604,2.9960460425412085,0.9303497660700837,1.3182800821645935,1.6203414331281518,0.3787356775862601,1.2727490515588669,54922,6.951632726163489,2363.6580797387683,0.9724301867320143,0.9252202624618857,0.49165241833692896,612.1397423418294,142.74743359062077,-1.4654895023832424,53.728797203306506,286.2150504351626,169,661,111709,59361.0,55712.0,0,255,0.0,255,0.0,0.0,3.5259482951156755,10.793426569505689,0,255,0.0,255,0.0,0.0,3.459812951418551,10.2581159110949,0,255,0.0,255,0.0,0.0,3.413761440261238,9.912320211869408,1.005366703492761,6.245608391666935,200.75115884541682,0.004107318050863827,0.5246085871371993
Pine_Island_East_2019-11-06_S2_RAW,2019-11-06,4.123752,SENTINEL2,Pine_Island_East,23.131154208247036,23.379575723341492,23.38801355676897,71.15422680573855,71.92393596334546,71.99407949448882,0.9893744215834774,1.0003609061784222,0.9890174790604868,23.299581162785834,71.67934702457185,255.0,0.0015358772005378547,0.011356303866783171,0.08890857241449375,0.09636226699303332,0.5849551577133666,10.114046449167,285.0986671312232,12780,0.016042176614573526,676,262.5664739884393,668,452,224,111.98627456180516,0.5740817116875915,0.9575916914633039,0.904274922601893,0.9889441784466912,0.8177132427080712,23.60969811083914,2.790021732361658,0.31485329078133717,0.5268857695500029,0.7281779643146851,0.2023988460738912,0.6339191977531848,76162,9.560283687943262,1674.973700810057,0.9592143406477674,0.9923516918787215,0.5022354694485842,644.0753213411026,182.06705951659515,1.3894505725184274,602.0337569916757,223.77295764291904,226,671,151646,76749.0,76162.0,0,255,0.0,255,0.0,0.0,2.7519822787461456,5.576691191184457,0,255,0.0,255,0.0,0.0,2.7527810064544664,5.582961131994056,0,255,0.0,255,0.0,0.0,2.7567634153468927,5.608672996389361,0.3195918941642112,5.785476186756268,269.745971033654,-0.015314679921934773,0.5340699703141906
Moscow_Uni_Front_2022-11-18_S2_RAW,2022-11-18,15.042251,SENTINEL2,Moscow_Uni_Front,127.08578437308276,131.48437954083116,133.8950997368336,113.26812779342364,114.08278086175203,110.88591361821915,0.9665466332715279,1.0183346508864348,0.9491444020189743,130.82175455024912,112.70149108979092,255.0,0.3682487391852903,0.3868068879172252,-0.3065361021114009,0.939778488165585,5.968409592273694,18.82191507120716,269.90875515831476,152227,0.1536082453421163,835,518.0473684210526,1181,1,834,386.19976588065975,5.407730269530716,0.5917180707098836,0.16845588704000078,0.9847890407774244,0.02840731146772373,21.012254189673545,7.3587828570953535,3.5786092650681005,4.706661401709284,5.556970832386949,2.0759911104181525,1.648447210423717,544595,54.953643159288326,6305.179253956438,0.6805242016931639,0.8956697478713183,0.6757047234844509,1023.4244247580392,749.8892798858398,-0.8722609913693934,353.74826699711474,354.682621883554,837,956,800172,603660.0,542737.0,0,255,186.0,255,2.0,239.0,-0.13432324736533924,-1.9135600393920498,0,255,203.0,255,5.0,242.0,-0.1590336990950135,-1.9202132115180985,0,255,207.0,255,11.0,240.0,-0.16494677075305267,-1.9210116298662685,3.7150428631158663,11.432687960914174,242.1239352067449,0.15055938579254188,1.7352045918361756
Totten_Front_2024-11-13_S2_RAW,2024-11-13,4.307407,SENTINEL2,Totten_Front,142.17290195250922,142.44277459876122,143.3722465648002,118.39894057394515,118.6200659741785,119.40124312969893,0.9981053960293038,1.006525230700936,0.9916347505104618,142.66264103869023,118.80283196169854,255.0,0.0057775386827768815,0.009419180761337164,-1.0016773767248108,0.5915339547931433,2.306329158581944,10.993983388050484,279.5830725284427,211203,0.131079403696486,1188,1321.2692307692307,1351,1,1187,137.20431687557792,2.1594984548432885,0.6132644409210258,0.41327064199425556,0.9951117099050392,0.1707939754432075,22.055274133286993,6.842165082198922,1.5551063137531511,1.9669085879211121,2.2821677672980485,1.817279509516003,1.5685137985333935,951720,59.066817273438176,4598.963779011039,0.7916417364306055,0.998319560442327,0.5906681727343818,1513.5270549338766,924.7431834242846,0.8447042120408406,446.7969707476989,878.9629092590258,1190,1354,1611260,953322.0,951720.0,0,255,238.0,255,0.0,242.0,-0.3666433983837008,-1.8630146541246921,0,255,238.0,255,0.0,242.0,-0.3667961480488066,-1.8630542562101087,0,255,240.0,255,0.0,244.0,-0.3666293690180844,-1.8632120423764758,1.5593099274271147,6.837564632588541,268.1072028540491,-0.016829778072375227,1.3712459379431798
Dotson_Front_2020-11-09_S2_RAW,2020-11-09,20.026749,SENTINEL2,Dotson_Front,30.21194742479531,26.160201877167186,21.741150627235264,35.58475931286143,36.37135839453487,36.24474244541949,1.1548820443564325,0.8310773261321042,1.389620445700315,26.037766643065925,35.777957973295294,255.0,0.3860097309611236,0.3749661263248152,0.08431401460859417,0.7160303541927636,4.781379133675501,8.604038665215608,276.90000200634,134387,0.12198591216890874,901,830.4244604316547,1046,1,900,101.99750584024521,4.2332590641861065,0.4469893368122993,0.28979165277200863,0.9596960099663256,0.08399119260388321,18.58898026614382,7.85149518471805,2.3451867782517217,3.4368242057827274,4.264518040998258,2.865419402734231,1.8846061985301157,161479,14.65778915454859,6249.459700059293,0.9796483029796406,0.7717370937260759,0.3555384550878413,1031.498489679918,207.04413455396084,0.31229300624625855,384.51881347466565,407.2428755757811,903,449,405447,186789.0,146684.0,0,255,21.0,255,0.0,42.0,1.7206100536995248,3.5079010595861906,0,255,13.0,255,0.0,34.0,2.0149997849152586,4.447231091056905,0,255,5.0,255,0.0,25.0,2.3004255423163382,5.667021853637243,2.628298005083517,4.968206567392683,222.66198847381003,0.04951732693379783,1.5649009381576697
Filchner_West_2020-11-15_S2_RAW,2020-11-15,18.759238,SENTINEL2,Filchner_West,18.324696371085746,19.042201675446297,18.6655271436933,64.17623885616874,66.68472995889113,65.36900963872773,0.9623202549428957,0.9802189611122166,0.981740093913132,18.677475063408455,65.40925114981138,255.0,0.0028423569273461568,0.010235666445086776,0.1930071669963349,0.07614683933274803,0.5258265510017052,9.651964821460506,285.0986671312232,16311,0.01491714223002634,1086,749.4766355140187,453,728,358,99.08996655918214,0.5146513110858143,0.9568894435286639,0.9239958848236137,0.9883414465707417,0.8537687435346988,23.771932616330115,2.4666040217676692,0.31626519692259575,0.5045570270187744,0.6819770587810497,0.19171358867511212,0.6680214974019381,82444,7.539874158618671,1364.1240251292506,0.7152945842487016,0.9948474134498196,0.5019268819822836,426.2074970233057,297.8436237751755,0.9984717193133934,967.1066906021057,693.2751928581825,361,455,164255,82871.0,82444.0,0,255,0.0,255,0.0,0.0,3.2173875753585652,8.35449319885236,0,255,0.0,255,0.0,0.0,3.216632787481192,8.347647937322426,0,255,0.0,255,0.0,0.0,3.217229089360824,8.353041421258302,0.3005663696924505,5.820069756036528,278.16701617713215,0.015995209643789036,0.5096312916650768
Thwaites_Front_2020-11-01_S2_RAW,2020-11-01,26.019402,SENTINEL2,Thwaites_Front,149.12178347280334,153.40211711122734,154.29298727336123,111.25721683231386,113.61319630969098,113.73110525395462,0.9720972974876373,1.0058074176472245,0.9664845182400111,152.27229595246394,112.8254066788877,255.0,0.026541162663839882,0.04313067418172849,0.024270849307473044,0.5544292625523013,6.2807449349303806,17.81047642064038,285.0986671312232,81052,0.08831502789400279,766,1037.8939393939395,941,1,765,350.75406823443427,5.565690231057155,0.5774132745403758,0.3692262268085484,0.9861252397319015,0.13635320833247877,20.160415577057183,6.755631507936144,3.303308728730372,4.801956668536216,5.9823816711313205,2.204486274768057,2.0277432004526457,599216,65.29114365411436,4700.704940401743,0.6627322377382207,0.9969105250111051,0.8273904206433369,1037.318524723416,776.8026668048998,1.0953564320367566,343.7388370804518,786.9682351606099,768,943,724224,601073.0,600375.0,0,255,214.0,255,0.0,243.0,-0.5183589074432969,-1.611673748000232,0,255,224.0,255,0.0,250.0,-0.5531697688824228,-1.6035952040855184,0,255,226.0,255,0.0,248.0,-0.5747318773191626,-1.5943433501781712,3.541345799272346,10.515810960618875,267.809063409819,-0.039327875099378455,1.3808153062123496
Ross_East_Front_2019-11-07_S2_RAW,2019-11-07,22.869051,SENTINEL2,Ross_East_Front,37.80209775540172,37.49301097825327,40.11030697154045,64.60982313860252,64.2377817605294,67.61995333994768,1.00824385049328,1.0698075701281577,0.942453464196354,38.468471901731824,65.47771217768315,255.0,0.05725002322865457,0.16114063446910437,-0.6922267727372321,0.37098979092371165,6.502842022563361,17.36395877965657,224.82116349568952,34318,0.05999230823019369,546,2.0,501,1,545,333.86812824894156,5.731281152044516,0.7068918799276617,0.6405872079567314,0.9605269269723039,0.41035614695758144,22.113242080973357,5.8735907889548375,3.4759320906455935,4.95226519811834,6.036097553775584,1.5687155120031364,2.15300811485718,135711,23.724040276903715,7796.217238840923,0.7409196683748284,0.726211432704248,0.4571007696007696,550.4841417583204,369.7016598891731,-1.2754408387760954,294.4679851552591,214.3614788368488,462,504,232848,146562.0,112053.0,0,255,0.0,255,0.0,56.0,1.633718105676838,1.6680241166889065,0,255,0.0,255,0.0,54.0,1.639822443051948,1.6841695970976378,0,255,0.0,255,0.0,60.0,1.5902947187489975,1.463450873431765,3.7427862957903835,10.136312874230008,142.95463538401887,0.021098692916335496,1.0897174732803177
Crosson_Front_2018-12-18_S2_RAW,2018-12-18,15.109248,SENTINEL2,Crosson_Front,23.622291142679025,24.027116421503965,24.272328957731176,70.62045318566813,71.72183684517572,72.3569688171164,0.9831513165449625,1.010205658133272,0.9732189763791734,23.973912173971392,71.55990653728715,255.0,0.0030229667225115425,0.014068761698143048,-0.08085941545542842,0.08919173501712914,1.1541387894141513,10.245377888401462,285.0986671312232,12414,0.012130130681784871,279,1212.0,743,1,278,115.46829352107375,1.0774481116804657,0.9332208709419576,0.8980757152560147,0.9885736555000239,0.8065400949934217,23.18263399915185,3.2115471649817455,0.5574756177989724,0.9227163037768455,1.2461875383633938,0.35758853141346236,1.1501479877958916,104266,10.188176298267933,1890.5067093990478,0.9499570483652585,0.9922440783776325,0.49916698582918423,716.804117464186,223.91566243972008,1.3652683305165227,92.68511307617057,964.8504881744768,280,746,208880,105081.0,104266.0,0,255,0.0,255,0.0,0.0,2.691737917712754,5.345432335915135,0,255,0.0,255,0.0,0.0,2.67928051589324,5.259618102502978,0,255,0.0,255,0.0,0.0,2.6682818801501846,5.184394202935797,0.6083107493347201,5.959851961237337,285.0986671312232,-0.009350466099231953,0.5509064498805019
Larsen_C_North_2019-11-14_S2_RAW,2019-11-14,29.407838,SENTINEL2,Larsen_C_North,234.1155227873978,235.43347162097163,237.53058862433863,52.63066874040031,51.90674828775114,50.66727727136436,0.9944020328774872,1.0089074717746265,0.9856226271453382,235.69319434423596,51.695364297949475,255.0,0.023268645853807893,0.058482486780514244,-0.824059088811708,0.488295028659612,6.607433499325356,21.767687607655372,285.0986671312232,131236,0.08219346240179573,1186,1058.0125,1341,1,1185,489.7522547419576,5.6822206760284955,0.7016484453451168,0.55598645632904,0.9076140587622387,0.30922271861203404,21.09769320185987,6.067340326412771,3.642815418524062,5.167407484894517,6.28057163748904,1.547472618979306,1.7664038929339214,1493435,93.53423871653038,14653.816623545392,0.5072168793119607,0.9413944093192392,0.9293630751964085,1571.5644554113242,1354.4032399199975,1.4686218834437026,604.3068728906763,651.12061624597,1188,1344,1596672,1576266.0,1488412.0,0,255,255.0,255,241.0,255.0,-3.3094031520909306,10.144884284945077,0,255,255.0,255,243.0,255.0,-3.3920454426642017,10.63938682781736,0,255,255.0,255,249.0,255.0,-3.489306006654588,11.24884293891874,3.836964077218934,12.968297117528897,285.0986671312232,0.04572196537926911,1.259378957661888
Filchner_East_2019-11-04_S2_RAW,2019-11-04,3.2571,SENTINEL2,Filchner_East,136.41526767141008,145.50428875961325,147.14466685864804,86.2585149190388,91.2144016520755,91.8899388923603,0.937534342349779,1.0112737439763286,0.9270826499091696,143.02140776322392,89.75233271553833,255.0,0.05613667279822128,0.04341544370920659,-1.08184942698606,0.7239820003661753,6.300235454656224,10.857549116412128,273.29422992648625,140619,0.12937489822073747,1097,833.8,986,1,1096,160.74464627375204,5.420436008565421,0.4028663442769613,0.27077622469157203,0.9899450324579636,0.07332107670891283,18.547528730503235,7.967766169300634,3.0564799806415053,4.466075873915844,5.486642857395593,3.1435545837466625,1.979647713216686,791804,72.84901891691224,3767.2215715998086,0.7625239401515075,0.9994660621261331,0.7284901891691224,1315.7396744266855,851.2309388476613,0.6165506563975806,450.2625712928957,592.413731175897,1099,989,1086911,792227.0,791804.0,0,255,172.0,255,0.0,196.0,-0.79747468395783,-1.0359637033490425,0,255,186.0,255,0.0,208.0,-0.8539586661465971,-1.023212940421313,0,255,189.0,255,0.0,209.0,-0.8783038888420217,-1.0134329531587063,3.4325184318758546,6.57794124946367,241.64666583901197,0.04783152127012814,1.5104976477596506
Totten_Front_2021-11-06_S2_RAW,2021-11-06,1.441307,SENTINEL2,Totten_Front,168.91138549954695,171.48918175837542,172.21677631170635,105.75618932401318,106.98224526584814,107.08100471904102,0.984968169814006,1.0042428014745308,0.9808068012707727,170.87244785654272,106.58904515938279,255.0,0.021056236080148408,0.051539256787903234,0.11615313521723483,0.7142627508906073,8.262517615338979,22.64271526686614,285.0986671312232,231296,0.14354976850415202,1188,1301.1666666666667,1351,1,1187,575.650854884719,7.417716020219878,0.44217852214865666,0.26597425973788225,0.9744980135964619,0.07074465883959571,20.86681851470278,7.610923566298446,4.922928671788117,6.664048536747432,7.972998587209919,2.8068023249924408,1.868005730832029,1163755,72.22639425046236,13019.257315766461,0.7609425941375583,0.9780489362739248,0.7222639425046237,1592.2304076303715,1033.0696766427345,1.1310459603215266,463.7805268291006,767.0299599142431,1190,1354,1611260,1189874.0,1178195.0,0,255,236.0,255,0.0,242.0,-0.9003685307681177,-1.089706395304751,0,255,239.0,255,0.0,245.0,-0.9160650306798849,-1.0735960619334521,0,255,240.0,255,0.0,245.0,-0.9297603291859351,-1.0588895755587222,5.124651005255526,13.561378725816896,285.0986671312232,-0.06270009863084827,1.5201705291143062
Filchner_East_2020-11-15_S2_RAW,2020-11-15,2.997083,SENTINEL2,Filchner_East,147.6969420679338,154.12279478264549,152.72153377783462,113.31104634643734,117.30570026791031,115.81837050127649,0.9583069284211354,0.990908152120612,0.9670996513346518,151.5137568761379,115.42217766355424,255.0,0.03219712056544061,0.04646932506172115,0.9436353059348331,0.5658871793550714,4.960096998723863,16.01057869990807,285.0986671312232,121449,0.1117377595773711,1097,449.0989399293286,986,1,1096,283.5633544490391,4.464309473562291,0.5745767160614352,0.3705548497529791,0.9892850628770488,0.13731531574407868,21.64058510770431,6.806775631495493,3.097761536130789,4.049472091339516,4.754212977229498,2.113302930190286,1.961380672190124,695858,64.0216172253294,4126.989211649206,0.767241462953639,0.9977774846287969,0.640216172253294,1257.1963468450588,806.3133789608717,0.6341321682367291,683.6931687212046,381.5006754251586,1099,989,1086911,697408.0,696600.0,0,255,225.0,255,0.0,243.0,-0.47146210518542225,-1.6858163677446,0,255,238.0,255,0.0,254.0,-0.5074840962743702,-1.6765810019384693,0,255,234.0,255,0.0,248.0,-0.522804845727337,-1.6680009675024345,3.1387587715185266,9.911978663948526,285.0986671312232,0.0921593025712017,1.3566495924170103
Filchner_West_2020-11-14_S2_RAW,2020-11-14,25.863863,SENTINEL2,Filchner_West,107.0600718832309,108.56016059408839,108.18287880450687,123.95298900805312,125.60107595500172,125.17938405714818,0.9861819593601652,0.9965246754645856,0.989621214245889,107.93437042727538,124.90292025929323,255.0,0.006088624937155572,0.015226163354635175,0.5856330016948038,0.2682890693590869,1.7719319729634369,13.218881306504677,285.0986671312232,52971,0.04844435908691835,1086,373.2478632478632,962,120,966,183.4552829775246,1.5551706011686282,0.8718423602341553,0.6175320465625509,0.9940806708933007,0.3813518123740585,23.254562664618085,3.985477842630199,1.0812484828900457,1.5517784813411621,1.9411980410313312,0.6200858382857906,1.249154864259568,467704,42.77363184079602,3577.5222202381965,0.8163180472753591,0.9980730121402369,0.5001727115716753,1117.3291043603676,645.3722752060027,0.7820167626226683,764.6089406975352,321.64192523476385,969,965,935085,468607.0,468173.0,0,255,0.0,255,0.0,253.0,0.29830477221511353,-1.904335498737755,0,255,0.0,255,0.0,255.0,0.2945194736647142,-1.9108411695405696,0,255,0.0,255,0.0,255.0,0.29520848763029434,-1.9096228909333552,1.058631317483765,8.358679568534328,285.0986671312232,0.08066441357840128,0.9110345493033275
Totten_Shelf_2020-11-11_S2_RAW,2020-11-11,10.41005,SENTINEL2,Totten_Shelf,234.18946813528285,235.40241255044128,235.79926630845256,60.70275002579355,59.60683282702764,58.14649609246743,0.9948473577559533,1.0016858525518555,0.9931730144946117,235.13038233139235,59.47290492706866,255.0,0.029667646507728233,0.10673730992579435,0.30818425126879473,0.646784242278513,5.546208313376409,23.694320488574483,285.0986671312232,232878,0.14358035309676406,1195,637.5294117647059,1352,1,1194,604.3902125741764,4.909579660869794,0.7548621648886304,0.6682413965738282,0.914492000918028,0.44666737486374997,22.924966166954903,4.279915171909675,3.0584688751543547,4.663336344694473,6.005428698290096,1.1933483379164902,1.2653395320063427,1465561,90.35879982859979,15832.361138360178,0.7380952888938028,0.7945673230836363,0.6870750060884068,1687.4323327317024,1138.5046606199953,-1.2694856046112828,718.0399366111177,731.0836088949031,1197,1355,1621935,1402513.0,1116928.0,0,255,255.0,255,253.0,255.0,-2.9087025391531203,6.936557817088831,0,255,255.0,255,255.0,255.0,-2.9483836054606574,7.1927261122883195,0,255,255.0,255,255.0,255.0,-2.9671881039867745,7.333771625571828,3.1497382593082173,13.599093968374532,285.02417051502454,0.11657353927625506,1.3645389049528345
Larsen_B_Remnant_2019-01-08_S2_RAW,2019-01-08,5.313702,SENTINEL2,Larsen_B_Remnant,92.65955606979901,94.49572546486336,95.25690549004857,112.87455514814812,113.94391551201242,114.0739117595793,0.9805687570931962,1.008055179441608,0.972733216484571,94.13739567490364,113.6036750175976,255.0,0.1662352824530034,0.32042397845540765,-0.22056353258752015,0.7894595537529778,41.894927098952515,68.8268651872779,285.0986671312232,208424,0.1420238659841584,1126,639.976833976834,1298,1,1125,6156.10715671891,35.44562196882877,0.4912477715945809,0.32187526943332107,0.7603430004345021,0.10437741129508603,20.371436183841126,7.597168559851706,23.323050696673203,34.75870978719476,43.11327384104048,2.5624209566828524,1.536377614411143,489117,33.32931296711204,5058.495054496476,0.7682570207268682,0.6588246710936742,0.4443062827225131,388.9433600946855,248.97878900879812,0.4073094587971611,480.5869789365149,1194.0905456305368,382,280,106960,72133.0,50384.0,0,255,6.0,255,0.0,240.0,0.5568027347835667,-1.5840684175162107,0,255,7.0,255,0.0,245.0,0.5403069934584757,-1.6057997853318209,0,255,9.0,255,0.0,246.0,0.5328385254344529,-1.6152386318778393,23.8399162841607,41.55892972954155,274.6727851260275,0.1582725184830195,1.5535033099674838
Shackleton_Front_2019-11-14_S2_RAW,2019-11-14,9.173491,SENTINEL2,Shackleton_Front,249.27693629449877,249.11264483270335,250.33815609509782,32.79031727535196,32.52906453619572,32.01352910066657,1.000659506713542,1.0049195064470413,0.9957608547683978,249.57591240743346,32.43654705546935,255.0,0.020372279916963408,0.1188714009518864,-0.6491543507282206,0.9594259548196437,0.656877611471206,5.366992712898596,280.0690639030944,240216,0.21816041805543193,905,647.6678445229682,1211,1,904,31.335386428686935,0.5450944819877916,0.8185879387541503,0.4893700075513541,0.9848404531020355,0.23949008526068283,22.639874016663367,5.811829024089267,0.47044631607853,0.5684532983780365,0.6453820710717993,0.8483040186106292,0.5858305297550139,1082327,98.29524710788685,4273.149278298667,0.6657092045874758,0.9942065009911504,0.9829524710788685,1385.7621953984901,1034.0713635237935,1.5015256504951433,459.68974164000343,597.12863118078,907,1214,1101098,1088634.0,1082327.0,0,255,254.0,255,253.0,255.0,-7.4323407573378955,53.40424682706523,0,255,254.0,255,252.0,255.0,-7.421954054294862,53.32647078068428,0,255,255.0,255,255.0,255.0,-7.448299362103627,53.62839289413379,0.46283107976469345,2.9166226488500073,177.49945226832548,0.2226348004481846,1.7331147857790499
Larsen_C_South_2021-11-23_S2_RAW,2021-11-23,1.953753,SENTINEL2,Larsen_C_South,104.34125352879997,111.42572772131408,112.76271997163927,109.75726031980425,113.8831253433968,111.23858730832227,0.9364197628547092,1.0119989546181645,0.9253169270389194,109.50990040725112,111.60762221439428,255.0,0.39468393357543774,0.3601641997749154,-0.4712706560300003,0.9587993869076634,28.8458906512991,53.620121090292024,272.98822217166156,223290,0.14551167925261124,1157,699.296577946768,1321,1,1156,3572.0692913516104,25.353967939921603,0.3891656234946428,0.133644013416064,0.8565410448584997,0.01794101055374871,19.612460867139866,8.098283852310479,15.681704458615789,22.952458618779083,28.44257825982873,3.2905611880991645,1.880272460213271,663979,43.26960422700056,45112.00505591695,0.822371290099055,0.5849990200074792,0.42702473542895314,1340.5199601138436,762.6904319662867,-0.5477133573010502,710.2725196707968,984.3249710179483,1159,983,1139297,831639.0,558351.0,0,255,26.0,255,2.0,233.0,0.27075400708079406,-1.833425623145537,0,255,30.0,255,5.0,245.0,0.259679261859127,-1.8437357228828448,0,255,32.0,255,9.0,241.0,0.26174792931931323,-1.8415994839210168,16.50783425106332,31.500192619285567,252.23143032628673,0.13766620700753202,1.7363894951976802
Moscow_Uni_Front_2020-11-08_S2_RAW,2020-11-08,23.505227,SENTINEL2,Moscow_Uni_Front,160.05795109625754,165.63957808615066,166.89289995640803,105.86998159664513,105.1157777746088,103.6814580319034,0.9663025766276301,1.0075665603875468,0.9590458979259654,164.19680971293872,104.79227182212031,255.0,0.09193555716018637,0.16156064883442536,-0.3955696797284017,0.5355264538732281,12.088473526984478,25.30953976051575,285.0986671312232,99442,0.10034429590881204,835,786.8971962616822,1181,1,834,721.6433804956687,10.276883425352047,0.5948912311633348,0.39343999341409197,0.9669403071093106,0.1548102332337618,21.710196083179955,6.445031925122452,6.89510605034897,8.991808130918272,10.371210977056249,2.231338748028044,2.3907964415795493,587515,59.2845870063612,6103.050357662054,0.7635624290646627,0.9306725985394779,0.6857958049100089,1080.1376506518031,697.4816208984406,-0.7266563209354147,439.3522976929115,490.4913552234822,837,992,830304,611836.0,571855.0,0,255,235.0,255,47.0,255.0,-0.454018349298079,-1.5751631805306112,0,255,246.0,255,54.0,255.0,-0.5406900807483946,-1.4776888625619027,0,255,243.0,255,59.0,255.0,-0.5632219538495069,-1.4356023339132544,7.339395165329105,15.285698056900237,180.31222920256963,0.00990233970503085,1.3303895280197513
Larsen_B_Remnant_2019-11-30_S2_RAW,2019-11-30,8.702001,SENTINEL2,Larsen_B_Remnant,163.74661539677606,171.2465799630399,175.01005841115128,57.21733399768873,61.77298703156003,63.9966968289728,0.9562037118173212,1.0219769553869134,0.9356411676178774,170.00108459032236,60.872883100673974,255.0,0.11998252665710085,0.14743696585944793,-1.785731899128424,0.9950290556636738,10.328995971383872,12.600054130180537,250.41013579947418,229252,0.15621644016332226,1126,578.9739130434782,1298,1,1125,274.2209238997111,9.128127200992292,0.19654179260421842,0.019872881234223497,0.9629359744256828,0.00041743049734112173,15.49418614159321,7.863930329651368,4.916609934319643,7.2930894257404235,9.1046558020724,4.339632588106641,0.8517508200758379,1233713,84.06742494862108,16519.980546131435,0.6644538372710068,0.896187746921115,0.8329953500035434,1514.475563726908,1131.8119786099517,1.0396366996638726,503.45532801502566,726.4153368170648,1128,1301,1467528,1364049.0,1237570.0,0,255,179.0,255,145.0,201.0,-1.1433392115267418,0.6482719070674454,0,255,189.0,255,156.0,210.0,-1.304525108439631,0.9109180807646129,0,255,195.0,255,163.0,215.0,-1.428585312790094,1.1410463994571476,5.630872338577191,7.142848451249403,212.08285854563752,0.009300175978495081,1.8016493626278054
Filchner_East_2022-11-04_S2_RAW,2022-11-04,7.449796,SENTINEL2,Filchner_East,107.17561695483806,114.15852631908224,115.08333433004174,88.76869214053289,93.47092806603253,93.31533252849766,0.9388314689275133,1.0081010857504744,0.9312870328155538,112.13915920132068,91.79172321614344,255.0,0.052455664066144,0.0550530775897905,-0.4100096784446637,0.6513431182497923,8.012505043843564,13.769959839819526,285.0986671312232,133144,0.12249761019991517,1097,436.0228136882129,986,1,1096,252.1437796705958,7.050701547647322,0.460582399046556,0.3403449679933727,0.9849147451359316,0.1158359639824285,20.949541406794115,7.3817169051311735,4.636875910454579,6.050969339453591,6.997217110099597,2.841723171100321,2.1816387181675667,674179,62.02706569351124,10717.744330244253,0.8139147856752721,0.9389716951779812,0.6191785711985618,1348.5970067002286,783.5136470809377,0.6241012053241711,658.29065872997,375.1485931482098,1099,989,1086911,716733.0,676962.0,0,255,119.0,255,0.0,171.0,0.05812584567336711,-1.3245934609195993,0,255,128.0,255,0.0,188.0,-0.007758320447663874,-1.409007472528336,0,255,131.0,255,0.0,190.0,-0.04860500081264412,-1.4272531174976797,4.889849122157596,8.492840188438475,285.0986671312232,0.024949029341329632,1.455681909497029
Pine_Island_Front_2018-12-18_S2_RAW,2018-12-18,22.716269,SENTINEL2,Pine_Island_Front,18.46578562071357,19.091995267060582,19.57870376124508,61.68333766368573,63.2210946209798,64.00328503673987,0.9672004084599723,1.025492804040323,0.9431566995344819,19.045494883006413,62.95751826874469,255.0,0.02341528571338265,0.12218587597849775,-0.21006133298746738,0.11060884393480276,2.822520801987754,18.661761466282865,285.0986671312232,14669,0.018232008491450135,681,756.8908045977012,813,466,215,336.48447705791295,2.4327947781075654,0.9253436870360717,0.8892984107673173,0.9569562758721425,0.7908517724069185,23.462201115124277,3.236420087492924,1.5775591478640654,2.27335220449198,2.803509356952629,0.38993913464147045,1.1965617818935124,66736,8.294575763074622,2688.719046282867,0.9759015819178957,0.9568616748009248,0.48585659319160035,650.8106200035857,142.0141284932426,-1.423523938570803,621.4476099394305,812.6348551198805,176,697,122672,62288.0,60660.0,0,255,0.0,255,0.0,0.0,3.1164925579109006,7.821763798166467,0,255,0.0,255,0.0,0.0,3.105282198079836,7.745649833532067,0,255,0.0,255,0.0,0.0,3.092607891947176,7.680442265488045,1.637044931537548,11.05262989975489,233.6881231232963,0.008856278648242668,0.5965952913853111
Larsen_C_Central_2018-12-25_S2_RAW,2018-12-25,5.751748,SENTINEL2,Larsen_C_Central,144.12434455685275,148.4796726423841,150.41586255424247,108.93484940121282,111.85754758099885,113.09791145253769,0.9706671761317909,1.013040100892601,0.9581725099291526,147.6732932511598,111.27495572030031,255.0,0.028216956590313078,0.030977834825382015,-1.1352311680896512,0.6295223342332241,7.034032286428509,14.079028584532752,285.0986671312232,198358,0.12665600760096954,1172,767.1064814814815,1164,1,1171,244.44753193133673,6.056817345882703,0.4822122921596032,0.35758238686927407,0.9900639282762681,0.12786666212965608,21.009172372927676,7.41432971291548,4.120937238176462,5.3673850531390315,6.167722381101833,2.672427829109114,2.115755729544032,1006164,64.24581576332787,4412.086578651014,0.7047821974296865,0.9991122656291892,0.7350250276867872,1399.315240364711,992.7074624134221,-0.5151605571438556,660.6177154022605,879.1085737513964,1174,1166,1368884,1007058.0,1006357.0,0,255,209.0,255,0.0,234.0,-0.5197845118975979,-1.6428509316566207,0,255,218.0,255,0.0,240.0,-0.5385534616050058,-1.6448548129492473,0,255,223.0,255,0.0,242.0,-0.5496419190171732,-1.64580086150187,4.332229965849549,8.76535201703409,266.46580977261937,0.032556625557712784,1.4299168625465686
Cook_Front_2024-11-01_S2_RAW,2024-11-01,18.651566,SENTINEL2,Cook_Front,245.88414928932866,245.89898180079715,248.45832326146044,8.507211860783837,7.439282531749236,6.334221071363476,0.9999396804677276,1.0104081010902095,0.9896394134097015,246.74715145052878,7.383161258063608,255.0,0.012885501894139806,0.013133221700561682,-1.8176289705786675,0.9893023280798444,2.8567764753681604,4.522720969357371,122.44437512601384,372726,0.2502699261933155,1309,552.6101265822784,1133,1,1308,81.73468911327326,4.27691075156343,0.2783753080325336,0.08349819088063291,0.7353533138422336,0.006980267884011876,20.21996836088998,8.98848259882543,1.9295977725566633,2.2266082388376085,2.3558149835176536,3.362600824520985,0.5633238771844497,1481347,99.46625788291918,6036.8042199758565,0.5009909697732614,0.9946625788291917,0.9946625788291917,1511.8658262279434,1308.448075088238,0.026427140597582905,652.5288389553562,569.6671023062119,1311,1136,1489296,1489296.0,1489296.0,82,255,246.0,173,245.0,248.0,-8.968547078472485,108.84656327638349,105,255,246.0,150,245.0,248.0,-8.869036514746266,108.73751074287118,124,255,249.0,131,248.0,250.0,-8.754095616802882,106.41856317286641,1.9686973591281076,3.129127466354321,135.11517720489846,0.17909280793246943,1.7794337389604373
Crosson_Front_2024-11-01_S2_RAW,2024-11-01,13.278735,SENTINEL2,Crosson_Front,14.947706766256076,15.110516688456736,15.324474644372398,57.42883198270462,58.03982626152805,58.897137941813696,0.9892253901268673,1.0141595393609335,0.9754139775126175,15.127566033028403,58.109630219355,255.0,0.0018879454237915472,0.012694558958569904,-0.14650066176157106,0.06442336442570955,0.9197882743878641,10.187174396722396,283.69662983154694,15170,0.014823109589389117,841,830.6890756302521,767,694,147,110.59532609431307,0.8708477587082201,0.9478366707743803,0.9359435203695586,0.9833529130541535,0.8759903609556292,23.76353378242372,2.4396497743851895,0.5617589760309404,0.7883938037714481,0.985159780110128,0.2619917219062383,0.9972849324573984,65072,6.35840070666268,1799.7615433949868,0.9886384661277988,0.9881402517728881,0.5671751067724222,798.9146110582037,120.08721292906587,1.4808765335137775,790.8989580772068,762.4071797393656,149,770,114730,65853.0,65072.0,0,255,0.0,255,0.0,0.0,3.5888808730078687,10.904885278405212,0,255,0.0,255,0.0,0.0,3.5865302466492994,10.883790168976017,0,255,0.0,255,0.0,0.0,3.589615855990216,10.9049117534091,0.5669836744002049,5.7434953717229735,267.59214404678545,-0.0024456405380575605,0.45120718278419886
Ninnis_Front_2022-12-08_S2_RAW,2022-12-08,26.969364,SENTINEL2,Ninnis_Front,11.337683676999204,11.943577133059604,12.513280392245333,47.81580425868415,49.82625301307802,51.46468631737006,0.9492703526418208,1.0476995503720599,0.9060520759955744,11.931513734101383,49.692685184146214,255.0,0.01579516640421647,0.08845952912631172,-0.1852217014270733,0.06776810199180817,2.113484043738123,13.331192447520502,285.0986671312232,20107,0.012600455213143026,1330,902.5885714285714,590,948,382,167.60834146096576,1.7837195904468122,0.9486907031288324,0.9285362700253689,0.9655701421728624,0.8621796694633274,23.66078160798528,2.655226831818752,1.2516710235492428,1.6455588871365892,1.8989023268138898,0.2838032511156734,1.1249127579041802,84984,5.325692971769767,2601.866232540481,0.9046381843911423,0.7558822472878799,0.4314212929978421,631.336079549986,269.0630792102771,-1.2077360077871029,1225.4883032945622,1008.4851311052763,329,593,195097,111352.0,84449.0,0,255,0.0,255,0.0,0.0,4.143963180457936,15.501639231797355,0,255,0.0,255,0.0,0.0,4.1174341334848785,15.271068068792989,0,255,0.0,255,0.0,0.0,4.0941609419611105,15.11371965553283,1.2978147498652237,8.316908363333965,273.5497111028349,0.012163355135655073,0.456231711524155
Moscow_Uni_Front_2025-01-26_S2_RAW,2025-01-26,18.777555,SENTINEL2,Moscow_Uni_Front,49.921739279602185,56.026308566631144,59.29229431043947,73.37269639380564,78.20161305693851,79.75710026132339,0.8910410226321086,1.0582937878160992,0.8419599858649486,55.08011405222429,77.07982006707108,255.0,0.6233133417199181,0.3991165060639503,-2.433286110304424,0.8386259243114081,19.467567442872458,35.95728939271329,271.8051283139775,132410,0.13361143401465983,835,391.5753424657534,1181,1,834,1564.379460372939,16.914711860654958,0.5328447596690569,0.27797923063643615,0.8687169076312481,0.07728688039773836,21.31052827020569,7.251414045489806,12.01528545289755,15.048914210304057,16.949098352042675,2.6051524124124734,2.4027171936717133,269681,27.212797474894252,22075.067663188696,0.8597285163132672,0.6274053026346029,0.4370819960846815,933.9909726171328,477.03709228492204,-1.211117671236768,223.16656953995238,347.8701859837826,652,843,549636,382904.0,256965.0,0,255,1.0,255,0.0,103.0,1.115145040243875,-0.3971691747263417,0,255,4.0,255,2.0,114.0,1.0926880295993782,-0.4668195696931763,1,255,7.0,254,4.0,118.0,1.087611094185724,-0.4702800582675799,12.450486528345213,22.75856629582232,214.00499734559676,0.14872650476619792,1.603358502913339
Moscow_Uni_Front_2021-11-20_S2_RAW,2021-11-20,19.746312,SENTINEL2,Moscow_Uni_Front,187.58685096386708,192.95749882947464,195.84245737673157,76.52667616962302,74.06513711974074,72.03983608703977,0.9721666797181536,1.014951264214432,0.9578456759400266,192.12893572335784,74.10178355149188,255.0,0.10842489555290227,0.19982702234579847,-1.2161344681384199,0.9954460508895993,13.509583893654519,27.77642637026446,262.25178741049604,201152,0.2029771707191062,835,563.8115384615385,1181,1,834,886.1235652375291,11.788855830343584,0.37463354628887763,0.1026775036409479,0.9190832980884417,0.010546655991541495,20.0306021747554,8.594343294042636,7.711535292050756,10.275854004969345,12.034977436025363,3.2488813236899854,1.6257390562228489,816190,82.35957731925474,18162.21831565342,0.6847205083259117,0.8388910898004664,0.7756395508411638,1248.0418602727655,909.580087642024,1.4146772269125443,424.86012502195365,487.741434825314,837,1184,991008,916287.0,778833.0,0,255,237.0,255,148.0,240.0,-1.3206779411945944,0.48444342616817426,0,255,238.0,255,163.0,242.0,-1.502123173879861,1.0408151629301194,0,255,238.0,255,169.0,242.0,-1.5587150990993273,1.2169755063619334,8.168780960441849,16.446986885520502,170.884138786749,0.021447565343804747,1.8238131808424398
Dotson_Front_2019-11-02_S2_RAW,2019-11-02,15.851098,SENTINEL2,Dotson_Front,15.209344988471942,17.129511827605615,20.957585825027685,31.785089726178903,34.5398117308754,36.6219882028441,0.887903002808991,1.2234782891553553,0.725720276914542,17.765480880368404,34.243211778259926,255.0,0.34310325099708733,0.3686165097076263,-1.4315038471859463,0.664690557885373,10.88712954605534,19.505677881281976,285.0986671312232,133807,0.12145943394513734,901,774.6666666666666,1046,1,900,464.60491063405783,9.307641993225248,0.5327929670240389,0.4056085602476633,0.7993215852848414,0.16477655333015476,21.17619773795908,7.172671486470213,6.329177586978673,8.35607094462796,9.667067814311634,2.4852943203102953,2.135474994905134,120344,10.92387851061126,9471.363738015509,0.8144009040985201,0.577889735585751,0.3440254150440664,407.0626886507441,236.21955757374778,0.4086982250230165,181.40597755932876,342.99523383973786,410,357,146370,87136.0,59655.0,0,255,0.0,255,0.0,16.0,4.002795024316162,22.610759141443655,0,255,0.0,255,0.0,18.0,3.5177507800227086,16.751904297689588,0,255,6.0,255,0.0,25.0,3.1154037751494355,12.979082419621653,6.603074774162632,12.116665942088721,255.43041017945464,0.06307217638800508,1.4493678879570404
Pine_Island_East_2019-11-03_S2_RAW,2019-11-03,8.97468,SENTINEL2,Pine_Island_East,70.03068599761501,71.15852130797715,72.30129667984686,105.67487822606667,106.33793525340485,106.54636802212686,0.9841503829797243,1.016059571654421,0.9685951596085052,71.16350132847968,106.15303507092293,255.0,0.0532554290215997,0.1473985987839661,-0.354694712011288,0.32994037532165943,2.6078589386837305,11.68259103871475,285.0986671312232,39323,0.04936044687127346,676,948.9857142857143,514,1,675,153.04663371313802,2.4059831141513435,0.7845080181069907,0.6124209127630365,0.9931745927547286,0.3750604429648674,21.757357685307223,5.438713274399024,1.2737307298802585,1.9869594797978267,2.6047156834132745,1.1299524018682428,1.7755810501115048,239398,30.05058683236051,2416.111831820431,0.7253699408464135,0.9183420603410246,0.6842914637213876,708.856099617279,487.9476488971787,-0.3099111450292359,262.09911110368506,906.0151045539228,678,516,349848,260685.0,239398.0,0,255,0.0,255,0.0,184.0,0.9621424362142618,-0.9601545062071204,0,255,0.0,255,0.0,192.0,0.9392926818785247,-1.0161891187390093,0,255,0.0,255,0.0,200.0,0.9147527863337128,-1.0706434069868196,1.4102005872507721,6.437101410917381,180.31222920256963,0.022313157932513736,1.0079624247721255
Larsen_B_Remnant_2018-12-19_S2_RAW,2018-12-19,2.639093,SENTINEL2,Larsen_B_Remnant,104.74581609345785,110.23188041386604,112.35080148385585,104.05506307058084,108.11118557577677,109.12126791487549,0.9502315999699382,1.0192223979300035,0.9323103592493373,109.10949933039329,107.05532546269859,255.0,0.24350941227981765,0.3760499467504434,-0.8843313643893281,0.84222243119041,30.035674079633793,50.78867632758324,285.0986671312232,213223,0.14529399098347698,1126,670.4960317460317,1298,1,1125,3301.050439003751,25.838934741395903,0.4602105612467901,0.2410384609851737,0.8555514227010845,0.05833309270111172,20.27482065078145,7.914262204628548,17.153722718826916,23.764328685484045,28.477455972681955,2.9474516366492773,2.0827145799866478,719680,49.04029088371738,24842.756585137013,0.8972352024939053,0.6999961132200492,0.5249013909360158,1191.790736399526,526.2386935125078,-1.292158929349002,232.65685623858087,691.7687908345519,594,1213,720522,540293.0,401759.0,0,255,87.0,255,0.0,223.0,0.1561854235097773,-1.8004038697955977,0,255,96.0,255,0.0,230.0,0.13306758134544205,-1.8171524846751221,0,255,97.0,255,1.0,231.0,0.13104962450159188,-1.8197726631140976,17.830446471301297,30.87332828695163,270.25137475238785,0.0966469635397533,1.6262810453210899
Wilkins_North_2021-11-18_S2_RAW,2021-11-18,0.053215,SENTINEL2,Wilkins_North,239.90292418447203,245.3948790342619,241.84705918026478,23.905777301038807,24.048131035834018,23.41889859336782,0.9776199288611853,0.985542404682372,0.9919613039642428,242.38162079966625,23.76668609403748,255.0,0.026812251163018087,0.04514523310268574,2.2541863029029865,0.9992697330019196,5.349517682397091,15.843051062274048,261.46130476399156,276580,0.23296106843031342,941,643.5714285714286,1256,1,940,274.33676240122804,4.877271163421856,0.2931582270484608,0.09846627300280868,0.7609557499514978,0.00969996200680963,20.612699065140323,8.789649937274033,3.6169633508616386,4.464678090119789,5.044391070739138,3.3367612503015507,0.5309457290696834,1175602,99.01999348066141,7347.511072949904,0.6571726923431833,0.990114021042134,0.990114021042134,1445.7556076284538,1089.7238938774453,-1.5693821059200308,471.2751203743088,634.081935346661,943,1259,1187237,1187237.0,1178435.0,1,255,243.0,254,241.0,245.0,-8.715341269954957,78.97575181362438,2,255,248.0,253,246.0,250.0,-8.866535580599061,81.28147216174088,4,255,245.0,251,243.0,246.0,-8.898494677790858,81.96827471493998,3.63447775900996,9.402379511101662,239.8518060988678,0.023927403896634655,1.7883825167268528
Totten_Front_2019-01-01_S2_RAW,2019-01-01,0.141768,SENTINEL2,Totten_Front,169.7142422700247,174.63250065166392,177.441393071261,101.80448600020294,104.73715546341215,106.41145860329866,0.9718365231936594,1.016084591407749,0.9564523775000533,173.92937866431666,104.31208866385793,255.0,0.03280456498543532,0.029373537321637073,-1.9994104337279293,0.738917369015553,4.206103012985944,14.660986924403938,277.2892843624185,270435,0.1678406961011879,1188,1315.0,1351,1,1187,233.28688120949505,3.824139466474275,0.457756675688632,0.2685766391511517,0.9892062766452024,0.07213502715022765,21.446539974926456,7.6843152625368765,2.772516370366482,3.475604331354444,3.96225843155424,2.5970698443972293,1.594483166212837,1186144,73.615927907352,6233.6613972690975,0.7678065280243804,0.9974142693650202,0.7361592790735201,1606.2021353529688,1029.064433464683,1.1371497755957674,460.9513870154045,764.3627763576767,1190,1354,1611260,1189219.0,1188435.0,0,255,229.0,255,0.0,232.0,-1.0604339551906055,-0.8655980728259389,0,255,236.0,255,0.0,239.0,-1.0610227144343904,-0.8650102316547579,0,255,240.0,255,0.0,243.0,-1.060969362158794,-0.8648655830731125,2.83312667746786,8.999271569152071,267.08118823891573,-0.08833100949704263,1.5430130074114297
Shackleton_Front_2023-11-23_S2_RAW,2023-11-23,6.834918,SENTINEL2,Shackleton_Front,241.82066628038558,242.74796612109003,241.43717816216176,28.02411780222519,27.507414847094076,26.456446488783268,0.9961799892471952,0.994600210333487,1.0015883556999912,242.00193685454585,27.312371312598472,255.0,0.01565547679364398,0.06517595148126885,1.479680140113143,0.9888402303882124,1.6638988781519213,6.562926866788419,246.78603530634024,238925,0.21698795202606852,905,675.0611620795107,1211,1,904,49.18068227127484,1.56394393011039,0.6128590398044588,0.1823083644980592,0.9689297580553489,0.03326175156785594,20.785785643058112,8.15755928216135,0.9966432302822442,1.2855934138525211,1.49140606550268,1.8010262457764714,0.6701444990646269,1086038,98.63227432980534,4343.806132548159,0.6651211190936597,0.9942817069553339,0.9863227432980534,1388.4093603446433,1036.7745485821922,1.514599880804356,458.4010135925262,598.9310291168449,907,1214,1101098,1092284.0,1086038.0,5,255,245.0,250,244.0,246.0,-7.8724186666201605,61.92935883756331,9,255,246.0,246,245.0,248.0,-7.923853436100938,62.72112352768845,15,255,245.0,240,243.0,247.0,-7.963224222546416,63.35489375793915,1.0392086041266357,3.663849605597766,156.7818725349189,0.14507631285765754,1.7886150705540356
Ross_North_West_2022-11-18_S2_RAW,2022-11-18,28.960791,SENTINEL2,Ross_North_West,23.36303337452096,23.73087441119467,23.656694348096064,72.8940418410202,74.04001020977725,73.80922145288014,0.9844994739596011,0.9968741116777687,0.9875865592481861,23.5835340446039,73.58077914321916,255.0,0.0014456415632625214,0.0048420715804519555,0.2684764881204562,0.09381056619394981,0.5533745676248915,10.558264347982588,284.5031731906615,14562,0.022834043140378717,150,2.5,553,1,149,113.52463713477466,0.5394218528916811,0.9602860452919137,0.9070336581048188,0.9893441190342754,0.8227100897305301,23.688282852358043,2.856951755670939,0.30219739114490834,0.5010293903618551,0.6879951740998127,0.17701187944392316,0.548216346703259,59411,9.315982262141462,1358.4507934888322,0.9771530704908117,0.9953925543678585,0.7076444804421363,625.669962882,132.97787038924474,-1.4881707388429741,55.940819040245074,239.38275740182794,151,556,83956,59686.0,59411.0,0,255,0.0,255,0.0,0.0,2.7997383747181517,5.839175399370619,0,255,0.0,255,0.0,0.0,2.7994987949379793,5.837283582009972,0,255,0.0,255,0.0,0.0,2.7995897156717127,5.838000003216374,0.30814493841688145,5.684531424413117,179.9590231135966,0.011035737172002203,0.5545389545729162
Larsen_C_Central_2019-11-14_S2_RAW,2019-11-14,22.649882,SENTINEL2,Larsen_C_Central,151.12923116806164,152.12469255150958,154.78041026335214,112.8880555121035,113.57466634134988,115.42775591823847,0.9934562800630791,1.0174575058604742,0.9764105865259317,152.6781113276411,113.95693978517619,255.0,0.01575289820091313,0.0163346749110105,-1.200728954763444,0.5810674305096174,4.249718725124736,14.319532913994358,285.0986671312232,145101,0.09265022514296514,1172,758.6536585365853,1164,1,1171,220.91876539614285,3.6634659392279505,0.6445693330984331,0.3653975719665438,0.991438982886661,0.13352064498490027,20.58015434361184,6.717078808265361,2.3618870010584865,3.376090316106317,4.146577930771168,1.8065679322902353,1.6623108885784028,1011306,64.57414393314416,4715.803353424079,0.7129592228875008,0.998753663951458,0.7387813722711347,1411.7785853996863,989.9469020889227,-0.5198104387803094,657.4849234554131,881.5389753447522,1174,1166,1368884,1012568.0,1011912.0,0,255,224.0,255,0.0,241.0,-0.5598759409098804,-1.62939538404037,0,255,226.0,255,0.0,243.0,-0.5629826135584849,-1.6300930459442917,0,255,231.0,255,0.0,248.0,-0.5699235276509117,-1.6316464532396302,2.466788590655815,8.712284379955703,283.3112246276169,0.01743245603558757,1.3757534978481976
Shackleton_Front_2020-11-18_S2_RAW,2020-11-18,26.614568,SENTINEL2,Shackleton_Front,248.12517505253845,249.57651635004333,249.16665819027915,28.932879106065045,28.13741181375349,27.498382320094468,0.9941847842143581,0.9983577855566781,0.9958201344216572,248.9561165309535,28.16350005539631,255.0,0.010423367851645356,0.0386818684692108,0.5875658468265524,0.3089570592263359,0.6192619756576602,4.282878186119057,244.34976070288172,44248,0.040185342267445766,905,410.8611111111111,1211,1,904,22.103736997608255,0.6031443428917295,0.8508534294799474,0.73104447993326,0.9865008407146661,0.5344534212586342,21.978346159924005,4.913322535976773,0.3177806064617159,0.477398411972669,0.6246785196350645,0.7566496156796761,1.2353750852743655,1084018,98.44882108586157,4283.462986797652,0.6653447413780502,0.9946369406062964,0.9844882108586157,1386.8093861131201,1035.3034809482547,1.5072784505559018,459.1036135931322,597.9248462663904,907,1214,1101098,1089863.0,1084018.0,5,255,255.0,250,253.0,255.0,-7.145871993863449,52.23649341461641,7,255,255.0,248,255.0,255.0,-7.500922230107689,56.056988077268706,8,255,255.0,247,254.0,255.0,-7.4268720544871725,55.32434239589851,0.3459451099597435,2.3225018304434792,187.419390079516,0.045419137001527755,0.9744219020569437
Larsen_C_Central_2022-12-11_S2_RAW,2022-12-11,17.426774,SENTINEL2,Larsen_C_Central,139.29889676115945,145.59623361232502,148.8515691047151,105.65999489231764,110.05764279745193,112.38917165003984,0.9567479412411933,1.0223586518107037,0.9358241743697774,144.58223315939992,109.35808701567227,255.0,0.04344578175429037,0.04060598194010558,-1.7250330921258472,0.6473262516952767,13.939655872143106,25.654836742680537,285.02417051502454,203076,0.12966855584132977,1172,779.3187134502924,1164,1,1171,777.2799995339765,11.785129423773583,0.42997319867384814,0.35324952307533847,0.9673016639620058,0.12478603239382284,21.195337382416117,7.656414150648437,8.565591326367723,10.935465301438601,12.388721125215897,3.0399459048132327,2.287552444182679,1009384,64.45141994590439,5968.519261645366,0.7130698535089651,0.9968555198268165,0.7373773088150639,1412.0717619746126,989.9936171108097,-0.5189107937291547,657.038724608276,881.0713286519302,1174,1166,1368884,1012568.0,1011854.0,0,255,208.0,255,0.0,228.0,-0.5057295802208007,-1.667614261088133,0,255,220.0,255,0.0,237.0,-0.5206148532669688,-1.664556184389323,0,255,225.0,255,0.0,242.0,-0.5236201084039387,-1.6619633702014334,8.805066598679188,16.23371053968126,264.03577198722314,0.017522058325439887,1.4517896917725057
Larsen_C_South_2019-11-04_S2_RAW,2019-11-04,17.73301,SENTINEL2,Larsen_C_South,231.14145828391491,238.00741797413647,237.1763885159881,11.267258148263496,10.102323986021307,8.986896638220594,0.971152328995625,0.9965083884135985,0.9745550968630091,235.44175492467974,10.09645638753736,255.0,0.03028213597026453,0.009575629616624629,1.8453655658982275,0.9751465608700072,1.2991023743421282,1.048030826955981,12.030054955079061,249366,0.1625046594496245,1157,687.7904411764706,1321,1,1156,57.30936879961026,5.180713225434058,0.2446489478648222,0.035133673256573454,0.9862649611135472,0.0012497409433170636,17.477630080103435,8.373578722278857,0.672605213970072,0.9211428966363269,1.101193900275597,3.481052273529712,0.785322529755147,956023,62.30127284433659,24854.48432772962,0.6998207416506712,0.7403689797939637,0.7234284757160493,1486.766245163926,1062.0246446208766,-1.533807906304232,702.3372372217863,693.0353525933739,974,1324,1289576,1260069.0,949830.0,191,255,232.0,64,224.0,239.0,-0.37243185118494504,0.22544908859296742,201,255,239.0,54,232.0,245.0,-0.5833937725297667,0.2086876218664706,204,255,238.0,51,232.0,243.0,-0.44582553298700045,0.1743295593530707,0.7482418235205368,0.60059637762856,6.960204339273704,0.14827340399654887,1.7517340943130386
Thwaites_East_2019-11-12_S2_RAW,2019-11-12,7.865663,SENTINEL2,Thwaites_East,19.407933610067634,19.74483753183394,20.295803618001464,63.4885000234031,64.42691865041205,66.05569849171451,0.9829371134950379,1.0279043109459083,0.9562535179813253,19.816191586634343,64.62886023544512,255.0,0.004660744010095994,0.02592655875498377,-0.1384017636471743,0.07513358201431596,1.3230594514770917,11.94203680065708,285.0986671312232,10908,0.011953343824105692,761,396.9009009009009,809,566,195,145.2212821620035,1.1803879863045958,0.9440092791868216,0.9121133830064184,0.9823397254033402,0.8319508934907022,23.409576263385595,2.928431430307875,0.6715955634351114,1.057666155994301,1.383296766250648,0.29446718046648496,1.042164709140846,79168,8.675488850997427,2433.556528654853,0.9782091665102784,0.979280828272083,0.49491135505488737,770.2357410184852,159.91775827878024,1.4449661100661861,696.726922493937,270.0244795877122,197,812,159964,80843.0,79330.0,0,255,0.0,255,0.0,0.0,3.035997012665568,7.408987556976793,0,255,0.0,255,0.0,0.0,3.0164199218086387,7.262377977798193,0,255,0.0,255,0.0,0.0,2.994244465154931,7.090499701915924,0.7147625502479708,6.726637238468834,255.0,-0.010431969245760855,0.4846432251536575
Moscow_Uni_Front_2023-02-09_S2_RAW,2023-02-09,15.579055,SENTINEL2,Moscow_Uni_Front,6.063379912170235,9.04470498724531,11.567362725628854,27.591171772208405,29.473861665209693,30.384297079305362,0.6703789588111135,1.2789098972064938,0.5241799756727334,8.891815875014801,29.13512969225768,255.0,0.724810831067444,0.12670791204631132,-2.643953673126369,0.9587309083276825,2.504726563202675,15.596901900362246,269.297285128866,190425,0.19215283832219315,835,563.1854838709677,1181,1,834,261.6038389991872,2.3352550267936585,0.8062480466626143,0.4155484307772528,0.8463812015366404,0.1727076055056801,21.953377772934225,6.554126981144301,1.445646841560191,2.0886319174479375,2.655727711698726,0.970030251127243,0.8879883503246456,22088,2.228841744970777,438.9959953866432,0.7670366964562443,0.6901140684410646,0.5041666666666667,122.34385665126189,78.49621374522535,-0.3974353831035805,393.0999081726354,452.6358126721763,120,90,10800,7890.0,5445.0,0,255,2.0,255,1.0,2.0,6.697334414018934,44.435414313597825,0,255,4.0,255,4.0,5.0,6.620166441979407,43.156224731901126,0,255,7.0,255,6.0,8.0,6.558079584568469,42.23769558751191,1.4898586672355605,8.909124328244474,170.4153422931424,0.31401702640776846,1.702165119001727
Ronne_North_2019-11-08_S2_RAW,2019-11-08,19.529027,SENTINEL2,Ronne_North,78.47574134816905,78.70779619459292,78.70533139852628,117.44473704012337,117.7888005039427,117.78513062064557,0.9970516917288619,0.999968684218263,0.9970829161585711,78.62962298042943,117.67227684437668,255.0,0.0009121910211190721,0.0034875921493156166,0.3074354721731385,0.18094181990226116,0.7431512289641197,12.059415562307972,285.0986671312232,34260,0.03398145402138669,891,755.3928571428571,853,341,550,166.18556163746652,0.7115330149411632,0.9744988965513937,0.7363421663428724,0.9939591680527311,0.5422025549060419,23.84516022166303,1.5978129195341244,0.4154085844041619,0.7190537368935221,1.0053211982922912,0.11698804778623255,0.3431228782996064,311210,30.867975207226365,2476.3799051457163,0.7777734127157793,0.9982134093730254,0.6574377651214277,834.0589299499335,524.2433720405443,1.4899262825870445,687.406937437743,720.3718646573053,553,856,473368,311767.0,311210.0,0,255,0.0,255,0.0,253.0,0.828502692236538,-1.3133266024488213,0,255,0.0,255,0.0,255.0,0.8283280845831352,-1.3138592244512315,0,255,0.0,255,0.0,255.0,0.828329150957008,-1.3138558363886377,0.40743642093527593,7.40115159943294,285.0986671312232,0.06137645148017395,0.70351440698288
George_VI_North_2019-11-04_S2_RAW,2019-11-04,0.075735,SENTINEL2,George_VI_North,5.355266419654337,5.365577972493711,5.36808583072494,36.45837033145215,36.51529503764731,36.52636825823585,0.998078202759881,1.0004673975746954,0.9976119213487626,5.362976740957662,36.49926839936425,255.0,7.031935043229638e-05,0.00292296137560951,0.0002780390554342873,0.002886309325101058,0.2834001045600411,7.634030716803802,285.0986671312232,956,0.0007899546850262272,960,1038.0,388,826,134,62.13368388966251,0.2730901276100128,0.9978292817859552,0.9787185709408451,0.9761949512516509,0.9578900935194524,23.96747634267507,0.5709886795606358,0.14627635164081323,0.2618100883706665,0.3711244722885484,0.009588714541242816,0.15236686768103694,25612,2.116351400930097,931.4640328181787,0.9678351124694105,0.9884604994017985,0.48164585527305553,386.2555836559885,97.17625137492905,1.3502382366539598,913.9880524754021,1051.1218569420585,136,391,53176,25911.0,25612.0,0,255,0.0,255,0.0,0.0,6.671812518169301,42.56071257807956,0,255,0.0,255,0.0,0.0,6.666672661180747,42.481731232501936,0,255,0.0,255,0.0,0.0,6.664507271445435,42.4496215737546,0.14776515956349884,4.430593306209013,180.31222920256963,0.0017444444469911667,0.08641933290457865
Larsen_B_Remnant_2023-11-06_S2_RAW,2023-11-06,10.218945,SENTINEL2,Larsen_B_Remnant,141.49284783663413,145.4755841115127,148.6464128793454,106.16188233139783,107.55881652339225,108.09312506456563,0.9726226479907247,1.0217962951453077,0.951875293158854,145.20494827583076,107.23494090305243,255.0,0.06509993072787916,0.10713129854449141,-1.5359662855030056,0.7290211839228962,17.0941226794317,31.673501008389234,285.0986671312232,189886,0.12939173903325865,1126,1199.139534883721,1298,1,1125,1187.0676587155683,14.615614428396292,0.43823665505607773,0.2600911888347906,0.9481200705138951,0.06764890786764259,20.156037227228374,7.803407947353262,9.682211621812279,13.048912708377678,15.289705684693228,3.04555936984991,2.179615694407029,919655,62.666947410884156,21660.995549356303,0.7573987333868464,0.8942011122274925,0.7159877017678709,1414.4992230715118,923.6010112770883,1.2535538201485792,400.06143986830114,733.521268777376,986,1301,1282786,1027128.0,978362.0,0,255,199.0,255,0.0,238.0,-0.3816367006949618,-1.6821859278055504,0,255,208.0,255,0.0,242.0,-0.41618816741653725,-1.6675224017599737,0,255,211.0,255,0.0,246.0,-0.43930836222043934,-1.6416844682373612,10.20496138379415,19.149836794476872,200.19941447355825,0.02281087497071346,1.540037234297759
Thwaites_Front_2024-11-23_S2_RAW,2024-11-23,2.085139,SENTINEL2,Thwaites_Front,160.29707548814505,164.5672561453975,165.8398982304742,106.54537377741197,108.82479088996907,109.26911722100839,0.9740520638347578,1.0077332642883197,0.9665772663781865,163.56807662133892,108.18302457829996,255.0,0.026124053099196944,0.043375777270547484,-0.6866763791735855,0.6834401150627615,8.975071898590041,20.711012590340275,285.0986671312232,114016,0.1242329149232915,766,794.5365853658536,941,1,765,466.65124953590384,7.7706757722334645,0.4535102341209562,0.2999947029315077,0.9799299637860795,0.09000156420137223,20.684720406206416,7.456102102760462,5.2443050361112675,6.952693912065701,8.122517803769595,2.8012719489528637,1.965869843908923,642322,69.98801429567642,5849.879651338576,0.5260981274461122,0.995309514696699,0.8869106795687522,1008.9307630078457,858.0188050072268,1.1500518841380214,367.75678553747184,772.1465729026875,768,943,724224,645349.0,644908.0,0,255,224.0,255,0.0,237.0,-0.7844219884620841,-1.297336776313804,0,255,231.0,255,0.0,243.0,-0.8056153860145827,-1.2793130426180872,0,255,232.0,255,0.0,244.0,-0.8198297388366783,-1.2633874507585996,5.44820158257361,12.51926225364355,268.21156657468083,-0.02796879391367692,1.5010316342389503
Larsen_C_North_2018-12-25_S2_RAW,2018-12-25,14.010202,SENTINEL2,Larsen_C_North,231.03070010622093,236.20038304673722,239.8592967121613,36.3487366937983,34.219933711055226,32.529823695373615,0.9781131475151285,1.0154907185929438,0.963192601966847,235.69679328837313,34.231500501853574,255.0,0.038958518245335104,0.039108480651138144,-1.2713376536335788,0.7124825887846721,1.9977745845926347,5.395630916159085,268.06728529316,169429,0.10611384179092512,1186,688.7181467181467,1341,1,1185,35.93506680012272,1.7838405858995678,0.6234541441648946,0.32584352241682996,0.9843466966505897,0.1062519894856177,19.53780425785634,6.850621893889447,1.0550259233262533,1.4962098143547902,1.8476254243622117,1.9187931400518512,1.4438599598359743,1576126,98.71319845278178,4975.060966544099,0.47742163847088864,0.9999111825034607,0.9871319845278178,1541.6374009090514,1354.5972111527417,1.4470374579893792,600.6118178368988,663.9687467880105,1188,1344,1596672,1576266.0,1576126.0,0,255,243.0,255,221.0,255.0,-3.602133835965832,18.72479431306509,0,255,249.0,255,229.0,255.0,-4.467819058435403,26.71612680106726,0,255,253.0,255,236.0,255.0,-5.32608501138191,35.35830570371256,1.148091748354489,3.2868299036837647,249.92070964830248,0.0822623888178419,1.5259106662702058
Thwaites_Front_2018-12-21_S2_RAW,2018-12-21,0.01417,SENTINEL2,Thwaites_Front,154.8117122123431,158.86821064330545,160.5236281816597,106.10162480328779,108.22322023120662,109.02808214471462,0.9744662672624449,1.010420067876071,0.9644169769016869,158.0678503457694,107.7570206077308,255.0,0.032796759590718746,0.07135609039715936,-1.2390436314531077,0.6961950836820083,9.589535387949928,23.204359427123137,285.0986671312232,101357,0.11043954846582985,766,796.9728260869565,941,1,765,598.4324177464459,8.483329311355304,0.46965572320162957,0.29796363485433974,0.974071599564034,0.0887844516614666,20.150123125871687,7.453425345955646,5.6019138950617595,7.478965937634725,8.851919446906923,2.7817721693748716,2.0056023707615918,628595,68.49230735704323,7945.901258832135,0.5276749329444556,0.9738931553208502,0.8678254241781548,1013.0761296042162,860.5538584982908,1.117542651438028,365.1598202068417,775.2904868735084,768,943,724224,645348.0,638741.0,0,255,222.0,255,0.0,235.0,-0.7078595001962013,-1.4101300907634489,0,255,228.0,255,0.0,239.0,-0.7296056093667298,-1.394011495326803,0,255,230.0,255,0.0,241.0,-0.7385303791695672,-1.3850881972846112,5.817814677739557,14.104077547751261,257.4460029684758,-0.11667992404171972,1.5371594586317228
Cook_Front_2021-11-10_S2_RAW,2021-11-10,28.509243,SENTINEL2,Cook_Front,229.53158405045068,233.4158495020466,234.9775632245034,19.29684540745931,17.263340138314646,15.681036152612172,0.983359032987774,1.0066906927086905,0.9768234077355412,232.64166559233342,17.394570429139083,255.0,0.024973209902139092,0.018078084613050622,-1.1706240814715634,0.8216264597501102,1.5356462558022308,1.6253186646901194,48.49470188702174,182287,0.12239809950473243,1309,731.1769911504425,1133,1,1308,46.22631554466673,4.0460790974318135,0.3764986589946766,0.18376272539350444,0.9915687678743382,0.033778908557073224,18.58486694384461,7.943573746201194,0.798511337028276,1.091243721904447,1.311930075779443,3.193920499217609,1.5829336804743281,730046,49.019536747563954,12860.949703921884,0.828867651768817,0.708880640186356,0.6046546130716886,1404.813584491182,785.9155689391143,-1.2726483983481496,313.56526117008997,516.9723680790698,801,1136,909936,776149.0,560173.0,160,255,229.0,95,214.0,248.0,-0.17932585723596658,-0.9953538490124458,172,255,233.0,83,220.0,251.0,-0.25471394126757196,-1.0049367921211751,179,255,235.0,76,223.0,251.0,-0.2380527298009681,-0.9817517042069439,0.8942388286465798,0.9571873634024041,29.740077710426743,0.31525271058330584,1.6027959598468826
Moscow_Uni_Front_2020-11-15_S2_RAW,2020-11-15,5.887807,SENTINEL2,Moscow_Uni_Front,159.7677849220188,167.76696656333752,166.3531010849559,104.69779790899415,106.67358387703474,101.7945140941392,0.9523196860187968,0.9915724441620217,0.9604136254744656,164.6292841901041,104.34761341408108,255.0,0.23923711747001805,0.3264456969034444,0.6344555354951068,0.9812887484258452,6.9738440024219015,18.249999516347255,271.22996597803206,186850,0.1885454002389486,835,523.1417624521073,1181,1,834,375.31405822188236,6.366822080894878,0.3865415573905562,0.07803675378652115,0.982751370457874,0.0061026003616126735,20.100120281571893,8.35651080722818,4.25320447455537,5.495040646440109,6.423796289937761,3.0288227827488585,1.3171152811214841,657655,66.36222916464853,6865.079794913576,0.35287834685295827,0.9170831860789956,0.8661596293382289,973.8602640358977,911.2110648273424,-0.5156234660793632,409.3800938329602,393.8472538261093,837,902,754974,713052.0,655488.0,0,255,234.0,255,19.0,241.0,-0.6752875006692342,-1.4294039436574375,0,255,243.0,255,24.0,249.0,-0.708979090183854,-1.3854791718385544,0,255,237.0,255,30.0,244.0,-0.7144071134914345,-1.374882031145254,4.378910040461843,11.035012876589374,178.42583270865734,-0.007036593544409044,1.818393518656883
George_VI_South_2019-11-10_S2_RAW,2019-11-10,10.406677,SENTINEL2,George_VI_South,95.33731154611195,96.51958264255403,97.26165705913071,115.96844556966495,117.1785326680444,117.89367003887773,0.9877509717285121,1.0076883301415016,0.9802147570656042,96.37285041593223,116.99799505689516,255.0,0.009656858776843342,0.028321660710403544,-0.41888313216251494,0.36430982064242895,3.1012191555967403,12.857428560158713,285.0986671312232,70224,0.05933857565110702,944,504.10434782608695,1248,389,555,182.6823665803565,2.7839634552891668,0.7321960458444808,0.5942083666790393,0.9932864395408613,0.35308476183262344,21.80744199566351,5.7684505580210965,1.5776985335748372,2.3473225900707937,2.9778145009999792,1.3609172205017637,1.8533827449545235,479893,40.55047716583604,4143.546427387087,0.9402884266481684,0.9929608210306334,0.6887028976459766,1414.230399486269,481.37393665787295,1.4175357704794722,740.6279149727127,533.2395929926046,557,1251,696807,483295.0,482508.0,0,255,0.0,255,0.0,235.0,0.41851787046391314,-1.7876777036256386,0,255,0.0,255,0.0,237.0,0.4104511535708928,-1.8003201913435034,0,255,0.0,255,0.0,239.0,0.40372121277762835,-1.8107434512095644,1.7265879310416377,7.265275899784713,180.31222920256963,0.024439960524438552,1.0802189213396602
Pine_Island_East_2022-12-04_S2_RAW,2022-12-04,12.38744,SENTINEL2,Pine_Island_East,90.46125274587334,91.8779664846545,93.31518734701562,114.2304917701345,115.73487411854269,117.36528360830569,0.984580484385054,1.015642715193306,0.9694161831275528,91.88480219251453,115.76065046294708,255.0,0.014344238895501502,0.04146445718848296,-0.8763306740936684,0.3878830101048139,5.1856173563498436,19.547374299245586,282.0812776882263,61069,0.07665725224377079,676,970.1481481481482,514,1,675,373.0032889032023,4.461796927600859,0.7246840827931561,0.607021558015122,0.9860016603675259,0.3684755515051093,22.25192242515534,5.856239272616284,3.033517614963364,3.970905439980227,4.606835300601472,1.3856271536768971,1.8527797313615981,310026,38.9162116362267,3817.9850275670988,0.73385491015647,0.9888334975935087,0.8861734238869452,786.9588601677476,534.5860661519009,0.14532062752335012,324.2272067504016,941.3984891589738,678,516,349848,313527.0,313121.0,0,255,0.0,255,0.0,238.0,0.49769377648360946,-1.7174123818037852,0,255,0.0,255,0.0,240.0,0.48817112708737836,-1.7329354118821736,0,255,0.0,255,0.0,243.0,0.48277606738436246,-1.7413629392636065,3.1713757141823815,11.866636978485294,179.35842451483688,-0.033796290713290704,1.1052600769777492
Totten_Shelf_2019-11-07_S2_RAW,2019-11-07,29.307494,SENTINEL2,Totten_Shelf,249.44838356654245,250.51738941449565,253.01105593010817,11.53916809711128,10.741982806131208,9.221729330213671,0.9957328078080678,1.00995406554946,0.9859189063870456,250.99227630371533,10.393138740342186,255.0,0.01477644318559317,0.017551387882612634,-1.0259916339794368,0.9727227046706557,4.175717644076548,8.760374445863109,285.0986671312232,345233,0.21285254957812735,1195,652.8235294117648,1352,1,1194,85.02016151909113,3.4742128831843466,0.4405939234540405,0.2708972500842107,0.6019978024279116,0.07351056549013353,21.654399220683935,7.551386100666136,2.7667543366084932,3.4014816015030744,3.773928560647507,2.51705837647733,0.9136470208346309,1593198,98.2282273950559,14298.020592265,0.48700896081644823,0.9820301060153459,0.9820301060153459,1562.4693230576656,1364.6559768409466,-1.4713627677057435,589.0426974319888,669.8901775439183,1197,1355,1621935,1621935.0,1608976.0,0,255,253.0,255,249.0,255.0,-6.633416529953583,69.92331311256969,0,255,254.0,255,250.0,255.0,-7.3890360610038295,87.26595393813787,0,255,255.0,255,255.0,255.0,-10.067338017658692,151.79732310577793,2.7859313036845816,5.594245142211918,281.5266417233012,0.04539323877093357,1.7662095857550297
Pine_Island_East_2020-11-11_S2_RAW,2020-11-11,1.805555,SENTINEL2,Pine_Island_East,92.66807380907551,95.29337099102491,94.7692688131551,116.11429442297666,119.19270840697672,118.40798108811147,0.9724503692676176,0.9945001192368498,0.9778283083694563,94.24357120441849,117.89469720464109,255.0,0.012789883227584967,0.02759515371068366,0.6962100423808782,0.37719826774618714,3.1366470908567377,15.336916567619985,283.83235466654526,51492,0.06463566183392958,676,975.5769230769231,514,1,675,229.18475212321513,2.7538021591435453,0.7398865453285897,0.607092708367623,0.9917065620588718,0.3685619628224516,22.09751082658633,5.72906246573509,1.747208956985623,2.444372730013218,2.977659077702115,1.287615885474691,1.7298638111029572,311293,39.075252620347705,4014.122112556947,0.7335293710342529,0.9928746168591541,0.8897949966842743,785.8034814893772,534.0774288853761,0.15117021066656075,324.401403179641,942.1669777348029,678,516,349848,313527.0,312486.0,0,255,0.0,255,0.0,238.0,0.4734870686853677,-1.7486951082272801,0,255,0.0,255,0.0,245.0,0.4661559461644967,-1.7615403148799333,0,255,0.0,255,0.0,243.0,0.4621059659519024,-1.767496700336217,1.8323949137810418,8.855801227267778,179.72393954185526,-0.026283216175848115,1.0761518874312117
Thwaites_East_2020-11-01_S2_RAW,2020-11-01,26.019402,SENTINEL2,Thwaites_East,87.87539395187979,90.05801557835862,90.19045683076398,114.05910665336785,116.48084361412974,116.3754975816368,0.9757642713693004,1.00147062148166,0.9743313986830594,89.37462212033407,115.61914311865448,255.0,0.01302395006066194,0.03481832765347728,0.3180069797377806,0.32302519977031346,3.628992436740851,15.152989242466033,285.0986671312232,51086,0.05598171274278175,761,1051.3692307692309,553,1,760,238.78637579500344,3.2122040073228484,0.7628978251008706,0.6252602217832016,0.9910097816155262,0.3909516337305254,22.162133937064134,5.360064753158455,1.931970417035125,2.8191502389707144,3.5080454724460806,1.208306876072658,1.7974478036874941,343320,37.62213056189921,4177.823735428361,0.803182658023745,0.9924178260580501,0.8107399667032694,885.3218103909105,527.4152773063983,0.20996028839153372,353.67917394850286,965.1962134451824,763,555,423465,345943.0,343748.0,0,255,0.0,255,0.0,235.0,0.5611418137599027,-1.6348898431731589,0,255,0.0,255,0.0,241.0,0.5460069593752254,-1.6633734293218008,0,255,0.0,255,0.0,240.0,0.5364542363582573,-1.6791259622821182,2.061822575686321,8.813578743522255,180.31222920256963,-0.0035120818363073214,1.0408860642857838
Thwaites_Front_2019-11-03_S2_RAW,2019-11-03,2.685482,SENTINEL2,Thwaites_Front,168.96534497036262,171.15729275627615,173.04733808403068,111.04092885081738,112.22048710111237,113.22755427563614,0.9871933719521171,1.0110427390923087,0.976411118720685,171.05665860355649,112.14762075541978,255.0,0.017647599018103404,0.026282398990057413,-1.1358151646696824,0.6077242416317992,4.941455850607588,15.777917589847814,285.0986671312232,89843,0.09789378486750348,766,838.5230769230769,941,1,765,260.398917180875,4.342457797307089,0.5887033113423052,0.3321470750619,0.9895775078410276,0.11035028421385117,21.045420371338913,6.6670270712886435,2.749084278692398,3.829381413967639,4.658494333865827,2.056554790342008,1.7998437072003979,644224,70.1952580195258,4004.6570337182416,0.5241973679944965,0.9982567571964936,0.8895369388476494,1007.3410486141848,857.8484191966246,1.1484129880740686,367.8380687462746,772.6339813481026,768,943,724224,645349.0,644642.0,0,255,237.0,255,0.0,249.0,-0.8345360521811201,-1.2544605325462304,0,255,241.0,255,0.0,252.0,-0.8455704717326221,-1.2456150884694759,0,255,244.0,255,0.0,254.0,-0.8555221354073956,-1.2373921944857451,2.8710901071404913,9.173510954984218,251.64083752664453,-0.03931559587565044,1.4256378740288096
George_VI_South_2019-11-04_S2_RAW,2019-11-04,0.075735,SENTINEL2,George_VI_South,100.47701289285696,102.1702418192296,101.89539615664762,121.8624917310168,123.74405289507138,123.32841402258164,0.9834273767359107,0.997309924516299,0.9860800063850899,101.51421695624471,122.96697250235366,255.0,0.008553213262515442,0.034759368566318775,0.7050166574181225,0.31431514407923977,1.6664512961354059,13.338429946573797,285.0986671312232,63926,0.054016828820241905,944,561.5537190082645,1248,389,555,186.48050474840218,1.513840175746538,0.8439383957606553,0.6111498915353766,0.9937941079998863,0.37350918681647155,22.805919323737626,4.540319112122362,0.8893132650462898,1.3480606024453774,1.7414063424307398,0.7508254600350406,1.2485515251171022,478873,40.464288188899204,4343.712949628457,0.940537025968806,0.9908503088175958,0.6872390776786111,1415.379289123536,480.7918713115162,1.4179843148753035,741.129491535334,533.5929505317694,557,1251,696807,483295.0,479299.0,0,255,0.0,255,0.0,249.0,0.39670216813348447,-1.8322357605590025,0,255,0.0,255,0.0,255.0,0.3920757583403573,-1.8392757523220165,0,255,0.0,255,0.0,253.0,0.3906756726568527,-1.8398556310632728,0.9357594525736304,7.624572493775363,216.2706637526227,0.07907960491144331,0.9653767228031045
Ninnis_Front_2019-11-04_S2_RAW,2019-11-04,0.138251,SENTINEL2,Ninnis_Front,205.50934239748932,205.5590542545885,212.5318016263342,67.87012254202857,66.63276523669252,66.15383238766111,0.9997581626487853,1.033920896342549,0.9669580779196132,207.86673275947066,66.87283792747861,255.0,0.08909468977921814,0.1769002591184616,-2.015390977796723,0.992993828553094,6.412419486278126,12.745389395407495,276.34129964391656,370022,0.2318817147698617,1330,530.7900552486187,1195,1,1329,203.52374478649935,5.980818204586108,0.2361609821311458,0.05772283369206549,0.9771655123450499,0.003334710799077821,20.345830387983977,8.724561563491008,4.394162241622245,5.246350277116126,5.784687861135611,3.73757760599474,0.6994175104056353,1420554,89.02186827896344,7008.055228827188,0.5768976044017874,0.955029490685428,0.8861440739570957,1527.374682890921,1247.5848046739857,-0.6549994129551221,600.1305991575981,556.4113886900906,1332,1198,1595736,1480637.0,1414854.0,0,255,229.0,255,225.0,232.0,-2.459929073335006,4.236114765764552,0,255,228.0,255,224.0,231.0,-2.466360031818153,4.269101147810634,0,255,235.0,255,231.0,238.0,-2.4777316732100414,4.310066507215123,4.422001044513793,7.593337874521723,236.93464874892777,0.09273676522517302,1.7872306041665837
Larsen_C_South_2018-12-25_S2_RAW,2018-12-25,5.751748,SENTINEL2,Larsen_C_South,135.49864647875944,140.50592043354388,142.38968964807145,111.47650944348017,115.05379625227579,116.29576002610271,0.9643625411695788,1.0134070451167732,0.9516043388644292,139.46475218679166,114.23570253568917,255.0,0.031219972520519234,0.03968725989098697,-0.8823011388159714,0.5547866558576124,5.822215480001923,12.826513265575118,285.0986671312232,152659,0.09948348534651968,1157,635.3483606557377,1277,1,1156,201.92270561274185,5.063425623069829,0.5595438508179793,0.40177521235392505,0.9922172848963501,0.16142724730987007,20.375702827471333,7.020590135391336,3.031073944733827,4.2847063149764235,5.193064500259437,2.3244615801046455,2.1725592848021638,926953,60.40686444455451,4371.259197546795,0.7799624253975337,0.9984220469659141,0.6248335040983607,1470.0450090781492,919.992896040946,0.7304647675720571,695.0479700696799,447.50343760686894,1159,1280,1483520,928418.0,926953.0,0,255,201.0,255,0.0,234.0,-0.3366656284898051,-1.7870796417767414,0,255,212.0,255,0.0,243.0,-0.36240249789226897,-1.7975129612798837,0,255,218.0,255,0.0,245.0,-0.3766003392624704,-1.8022643872265525,3.322605301760881,7.751679495779775,281.00019770653387,-0.02256768205518995,1.332446700184725
Ninnis_Front_2020-11-15_S2_RAW,2020-11-15,10.407006,SENTINEL2,Ninnis_Front,108.43737560598996,110.41120586362656,112.56114607930134,113.4034235167395,114.99113518826724,116.72127685694893,0.9821229173044919,1.0194721196889047,0.9633641747881418,110.46990918297259,115.01244696983372,255.0,0.020042180667831845,0.035102367807667595,-0.7851353189305414,0.4066023452500915,2.0638830875073384,10.213821057958237,285.0986671312232,89841,0.056300666275624536,1330,311.5845070422535,626,1,1329,111.54911935701342,1.915750451779834,0.7231113090653847,0.5213864732593005,0.9957566259605054,0.2718449510592785,21.466683085422652,5.843301906761738,1.108467828236782,1.6118248096094427,2.0483141576394464,1.400086714854753,1.7645717108016665,777978,48.75355321932952,3972.5249993622774,0.8982206737423833,0.9982626146494691,0.9300438974005854,1537.5709890101634,675.8313154555229,0.04027827221047447,681.9580527984082,292.06895053587635,1332,628,836496,779332.0,777978.0,0,255,0.0,255,0.0,230.0,0.1544081087402468,-1.86894677856817,0,255,0.0,255,0.0,234.0,0.1338496566572722,-1.8934125010309095,0,255,0.0,255,0.0,238.0,0.1117094793592318,-1.919751290897713,1.1801374193990817,5.629214372693015,283.08636295111233,0.0612269474651518,1.1188429005051872
Wilkins_North_2024-11-02_S2_RAW,2024-11-02,21.212381,SENTINEL2,Wilkins_North,222.5237235699359,225.29072544066602,230.96350012676493,39.78539157255333,38.577782356590774,37.36309362279651,0.9877180835322152,1.0251797967932348,0.9634583968796231,226.25931637912228,38.45148992870843,255.0,0.05312556274093418,0.10528842289041161,-2.1720832115752757,0.9932094434388417,5.236345659258651,10.24119860505498,251.05679415002675,231036,0.19459973029816288,941,669.5553047404063,1256,1,940,144.12970386214124,4.79226148990694,0.28928113058014254,0.05290373664688775,0.955372471693956,0.002819132466320014,19.105343751921477,8.709912403915977,3.0181421642262074,3.9423302803726763,4.580764599619006,3.505735138910842,0.7559602836658079,1150753,96.92698256540186,5045.065150626205,0.6167296836072707,0.960239769328159,0.9601621243273247,1405.934767097791,1106.7167152329105,-1.5512578436844962,472.54187939716127,652.58205256417,943,1259,1187237,1187141.0,1140818.0,5,255,232.0,250,224.0,237.0,-4.495830637527861,20.814345487308838,11,255,234.0,244,228.0,238.0,-4.693327576269384,22.341807962810112,20,255,238.0,235,233.0,242.0,-4.849373516258851,23.568209940186737,3.215545435463297,6.051926462722439,177.7754513736672,0.030338708308398774,1.7734051116769045
Pine_Island_Front_2024-11-13_S2_RAW,2024-11-13,17.942728,SENTINEL2,Pine_Island_Front,2.8428547280921332,3.3869563271992384,4.398003166893288,22.12666701216141,22.54049483428494,23.54608641715006,0.8393538189962514,1.2985119209967075,0.6463966987171731,3.54260474072822,22.66317123246017,255.0,0.07725981704226033,0.23334000131774627,-0.2600457839696141,0.10406997988997904,0.8781824518856735,8.806309453073613,285.0986671312232,14168,0.01760931872021716,681,769.6540880503145,813,466,215,78.97188948640623,0.7750378181652345,0.9638383056443284,0.8896531960157036,0.9213315795727913,0.7914829400770526,23.647937914971152,2.5868313326152563,0.5189830969645468,0.724097135094896,0.8897721197165378,0.18633877531032708,0.7223476538642147,9808,1.2190301948608828,431.3624817342638,0.5326196740816672,0.8170933113129645,0.5231297911710283,105.38894905837128,89.1964326480844,0.3562690050931126,514.1118409971366,1141.1583291224524,117,97,11349,7266.0,5937.0,0,255,0.0,255,0.0,0.0,9.417034155967531,90.48114053386925,0,255,0.0,255,0.0,0.0,9.140208232652736,85.88591799271099,0,255,0.0,255,0.0,0.0,8.48973593005742,76.44292252664675,0.5371758745882532,5.368950009891675,183.4354261192629,0.02201293739765285,0.5549102416023048
Larsen_B_Remnant_2019-11-20_S2_RAW,2019-11-20,5.399455,SENTINEL2,Larsen_B_Remnant,230.2978471279594,233.5655735359053,236.29886175936676,30.48488998319859,29.23333253435401,30.02202121713582,0.9860093833240277,1.0117024447652176,0.9746041322974467,233.3874274744104,29.853643903381485,255.0,0.02909770702805172,0.03261876572196913,-1.7316441991241545,0.9991652629455793,20.82371152852597,27.92535565112226,284.91287654688796,305741,0.20833742184135498,1126,662.4914285714286,1298,1,1125,1094.6980611139882,17.84273780379502,0.1142552012847123,0.033280166829314575,0.3845542741258896,0.0011124867243556622,19.67272447271875,9.361738658459275,13.202180791656449,16.351235109913315,18.188048360709715,4.68206783053912,0.5963249886590221,1414907,96.41431032321019,34770.809214308865,0.4917098192067829,0.9627039484084801,0.9627039484084801,1493.400828215508,1300.3923983867826,1.5000551137050284,558.5377156629235,662.2002250857344,1128,1301,1467528,1467528.0,1451730.0,0,255,241.0,255,227.0,246.0,-3.3464599893339195,15.34973897918934,0,255,243.0,255,231.0,248.0,-3.7807746781395726,19.408600169111796,0,255,246.0,255,235.0,252.0,-3.8156771024953753,19.291503211584573,13.53556274793302,17.925889663567208,230.33043895914216,-0.011860564529987641,1.8077991819352337
Moscow_Uni_Front_2020-11-18_S2_RAW,2020-11-18,18.490383,SENTINEL2,Moscow_Uni_Front,163.90053864348218,168.91557081274823,168.12552572734023,104.57501920482997,104.74807366711404,100.58073005017849,0.9703104210865054,0.9953228403888039,0.9748700438813351,166.98054506119018,103.2625952349689,255.0,0.1749545431591154,0.24731954793522518,0.21950085675126738,0.9513959524040169,8.188388225026067,19.747622869137267,273.6833379006556,165221,0.16672014756692177,835,575.7248062015503,1181,1,834,443.02402988956754,7.289988392447682,0.40300409693753264,0.08323068650879104,0.9792073559317228,0.006955339614894713,19.46911427556589,8.112003551995137,4.835328725154603,6.32680702696757,7.404268840400929,3.046298435070191,1.4858329633874032,658867,66.48452888372243,6842.5345930157655,0.45390350255358086,0.9188338548466976,0.863100146963978,1002.6508152991076,893.4128573342907,0.6118247045749368,433.49312240932346,394.047540589499,837,904,756648,710752.0,654044.0,0,255,232.0,255,24.0,246.0,-0.6646213305518874,-1.4286861383905538,0,255,238.0,255,27.0,251.0,-0.6962647879521614,-1.392755462772896,0,255,234.0,255,32.0,246.0,-0.7019058572887228,-1.3804330474918678,5.0448675930887905,12.173888213268617,172.77232931745112,0.02946550471428239,1.768354228004451
Ross_North_West_2020-11-04_S2_RAW,2020-11-04,18.845276,SENTINEL2,Ross_North_West,21.259527513124635,22.27532882151123,22.35922613260743,66.76835018610029,69.71792830264725,69.92917905363461,0.9543979208288464,1.0037663781158106,0.9508167852923077,21.964694155747765,68.7902554042681,255.0,0.004993741933212845,0.02058642974561059,0.003154610045606221,0.06849272108032842,0.5620014519458707,10.549116321538495,285.0986671312232,3996,0.006265954977953121,150,2.5,553,1,149,113.12695367896121,0.5516503725916709,0.9647100968815662,0.9070771555294174,0.9878362991064509,0.8227890069692129,23.447012224570823,2.6396939408987303,0.2800175592416832,0.49858338578710165,0.7089780869822632,0.1807685497463671,0.6862196450783662,59411,9.315982262141462,1358.4507934888322,0.9771530704908117,0.9953925543678585,0.7076444804421363,625.669962882,132.97787038924474,-1.4881707388429741,55.940819040245074,239.38275740182794,151,556,83956,59686.0,59411.0,0,255,0.0,255,0.0,0.0,2.864210677372868,6.337816839125148,0,255,0.0,255,0.0,0.0,2.830359352406223,6.074739893156194,0,255,0.0,255,0.0,0.0,2.8234914722239166,6.02312852349367,0.29252604804602683,5.677877470262144,180.31222920256963,0.018236230219477883,0.4625437445546744
Shackleton_Front_2019-12-01_S2_RAW,2019-12-01,15.216525,SENTINEL2,Shackleton_Front,250.41644794559613,250.39840050567707,250.64588438086346,32.7150337357703,32.327915141618035,31.707563950186138,1.000072074900569,1.0009883604471375,0.9990846191792297,250.48691094404558,32.24681919384201,255.0,0.015481212335019309,0.11054913760262865,-0.14483348068208127,0.5590474235717439,0.37545456946507927,5.3358953210078335,278.9726440192857,85918,0.07802938521366853,905,1066.4432989690722,1211,1,904,30.734219066595173,0.2797233118969089,0.9422207776607182,0.8642794539401537,0.9849453319007856,0.7469793620301748,23.594068829477486,2.6658850689740885,0.25203336015027883,0.34113628700373744,0.41530698703493657,0.2790156670632872,0.5361165749115172,1082399,98.30178603539376,4273.56349186104,0.6656965680416245,0.9942726389218047,0.9830178603539376,1385.8083711027748,1034.1214427244422,1.5017686480881574,459.66527223325227,597.1628262775557,907,1214,1101098,1088634.0,1082399.0,0,255,255.0,255,255.0,255.0,-7.458598196459422,53.729959425106365,0,255,255.0,255,255.0,255.0,-7.464444388765188,53.809884593474806,0,255,255.0,255,255.0,255.0,-7.469339488792833,53.87602249632387,0.24228220423057956,2.9186200654428265,171.86331778480246,0.1924809656467533,1.2206785647884741
Ninnis_Front_2020-11-14_S2_RAW,2020-11-14,20.755577,SENTINEL2,Ninnis_Front,196.879930640156,199.50544325627797,199.65571811377322,88.91686495142632,89.21879316847995,87.8411860967472,0.986839894825085,1.0007532368788663,0.9860971301000554,198.68036400340227,88.63747638803422,255.0,0.06851403786765639,0.1832927496669629,0.9217240077881163,0.8961714218392015,4.986974003083461,13.220428528982929,285.0986671312232,297952,0.1867176024104238,1330,680.8534798534798,1195,1,1329,203.90043145895936,4.567395058799849,0.3723821349609413,0.10689107065057914,0.9869192999156948,0.011432595342676362,20.66955436237573,8.178863379278186,3.227365277835684,4.032296134441798,4.603892316397062,3.048812023322773,1.2972485907980693,1319494,82.68874049341494,5458.442963730867,0.5080909210241659,0.9588053111492859,0.8268504313996802,1440.857702851509,1241.0156961979944,-0.18902292828052814,584.9076741180884,611.6327587186939,1332,1198,1595736,1376124.0,1319888.0,0,255,237.0,255,230.0,240.0,-1.6993005465985893,0.9414497207752226,0,255,239.0,255,233.0,243.0,-1.7055259049825233,0.9610706572513172,0,255,239.0,255,232.0,242.0,-1.7088432506274385,0.9819314238722381,3.2806697787875376,7.67828879528553,272.88525264497366,0.10331988935973262,1.6930356092023424
Moscow_Uni_Front_2019-11-11_S2_RAW,2019-11-11,2.437703,SENTINEL2,Moscow_Uni_Front,155.1882759775905,159.37010902031062,165.0569056960186,93.61180515901249,92.13194727704003,90.68859613373,0.9737602423156746,1.0356829565504009,0.9402107432166642,159.87176356463996,92.07967732143723,255.0,0.1494339802976944,0.18543505316324713,-2.358100109587373,0.996731610642901,12.447374641801838,19.564687563170448,235.08727693726382,203109,0.2049519277341858,835,590.1018867924528,1181,1,834,483.5520169222582,10.660339260657983,0.3057084988072098,0.07672401751247084,0.9719725189305252,0.0058945367858717,20.02415318544351,8.67463460003165,7.265718970011186,9.200440701560773,10.364819519316791,3.6166568352854513,1.4452072162937148,632884,63.8626529755562,4885.544514814783,0.662905611622977,0.9705713540307853,0.7945280513375218,1070.5007725303906,801.4871169258048,-0.8736031731197244,370.62898895378805,393.6860589405377,837,951,795987,651610.0,633168.0,0,255,223.0,255,41.0,233.0,-0.56153344990927,-1.5183842480448417,1,255,226.0,254,47.0,234.0,-0.6189112386536143,-1.4480547878131247,5,255,230.0,250,55.0,238.0,-0.6362770009997655,-1.4225222344089383,7.690964225494911,12.020801901894158,158.78225831482416,-0.003610907622848381,1.838309406433588
Totten_Shelf_2024-11-27_S2_RAW,2024-11-27,29.595485,SENTINEL2,Totten_Shelf,237.4111027877196,238.6410491172581,241.26974200569074,34.18005549434548,32.768369067328486,31.616897090689466,0.9948460403849733,1.011015258682675,0.9840069492925536,239.10729797022285,32.83921810916617,255.0,0.024863988243805694,0.06671611496509812,-2.0762366180435334,0.9977107590624779,9.83148618613538,25.308716850845766,278.39445436686094,307535,0.18960994121219407,1195,645.9544159544159,1352,1,1194,690.7409931139255,8.45687349422371,0.32879860532471733,0.08884576084033842,0.6794753646037665,0.007926431190143775,19.989723385955664,8.701871925999962,5.813697838735146,7.898432121584405,9.386725159301893,3.323739059081224,1.008171174739156,1589598,98.00627028826679,17122.34180237642,0.47634251305472375,0.9803201157553176,0.9799671380172449,1569.173690164269,1379.711357793504,-1.5394719733107085,593.5359575650086,675.4391148345678,1197,1355,1621935,1621351.0,1618648.0,0,255,246.0,255,241.0,248.0,-5.262310719713166,28.875624267606696,0,255,246.0,255,242.0,249.0,-5.373442990452177,29.971222063868375,0,255,249.0,255,245.0,251.0,-5.3681125127166505,29.89452183075607,6.008854765171916,15.23970921653045,277.9446887422028,-0.04366516979449595,1.7931141064269311
Ross_North_East_2020-11-04_S2_RAW,2020-11-04,18.845276,SENTINEL2,Ross_North_East,33.45543173129345,33.701275942988914,33.60646233970289,85.58322022939643,86.1852303618753,85.94936759922275,0.9927051957258052,0.9971866464775357,0.9955059057694817,33.58772333799509,85.90370012018143,255.0,0.0009866483436156745,0.006461268991133663,0.0690932169998871,0.02789432157962284,0.49691103523610497,10.545502111467146,285.0986671312232,2218,0.003755362990203548,191,2.5,516,1,190,112.89881064683952,0.4852861246606854,0.9853076380732037,0.8736680753559178,0.9922423615464503,0.7632960064776912,23.8566951451182,1.5531048578025766,0.25381590380897856,0.451990100854469,0.6414449688009414,0.0677220262261942,0.3959778093327315,78342,13.264321342584598,1369.9655121145938,0.953004038670753,0.9967429196671671,0.7861873795761078,593.9542035573951,179.94293500021476,-1.4843807683381234,76.81289729646933,235.61568507314084,192,519,99648,78598.0,78342.0,0,255,0.0,255,0.0,0.0,2.1693284510253354,2.7118434254642896,0,255,0.0,255,0.0,0.0,2.1666880862187115,2.6956493649262274,0,255,0.0,255,0.0,0.0,2.167349611129676,2.6997466010941737,0.260435827831172,5.6757684874092895,180.31222920256963,-0.0034619117034375333,0.287014968443099
Crosson_Front_2021-12-02_S2_RAW,2021-12-02,0.07532,SENTINEL2,Crosson_Front,16.987115522541483,17.380717450229724,17.282762785298445,61.356826157071104,62.731414492410394,62.364296275714544,0.9773541035395652,0.9943641759719523,0.982893518442159,17.216865252689878,62.14921789986739,255.0,0.0017301807532357162,0.007727565878926984,0.13134176984371515,0.06478197228459588,0.7593496017360144,8.922798599349528,285.0986671312232,8729,0.008529395095964246,233,1211.0,619,1,232,86.98869377727458,0.7312281839303814,0.9531888085119653,0.9283392387290199,0.9885590841751476,0.8618138026012425,23.405497546418708,2.7516427212234276,0.378387304111438,0.6354215506756615,0.8699804319887363,0.24718453208321126,0.9355981450109734,73255,7.157988747334869,1579.4884194358183,0.9495664776326299,0.9922655974859805,0.5033047516970347,599.5589515382214,188.00117619317325,1.3644450796986758,77.75844652242168,1005.4837212476964,234,622,145548,73826.0,73255.0,0,255,0.0,255,0.0,0.0,3.354141407642147,9.315224717191674,0,255,0.0,255,0.0,0.0,3.346302657764415,9.245478445531667,0,255,0.0,255,0.0,0.0,3.3444413230087116,9.230589334424193,0.4024052183673976,5.227993787435041,277.6611143902661,-0.045961356383915845,0.45691024228204735
Moscow_Uni_Front_2018-12-26_S2_RAW,2018-12-26,17.742635,SENTINEL2,Moscow_Uni_Front,74.79288562756305,80.43322859149472,82.09343718718719,98.23539245505857,102.99159622784775,103.08689691013745,0.9298754623829548,1.0206408299736702,0.9110702169398909,79.106517135415,101.41229873557923,255.0,0.5246436078945576,0.4407501697085435,-1.4721629105989662,0.9141510462074979,6.98903925126014,24.92173433959086,281.7304907965136,140034,0.14130461106267558,835,479.41552511415523,1181,1,834,661.6281317124457,6.238592150613093,0.6105930575163199,0.22561164529141123,0.9678267638496934,0.050945608126372464,20.45550288191417,7.3379707946068615,3.9385052174548005,5.556700304601932,6.833222765254731,1.9990652484587583,1.605010810970245,344121,34.72434127676063,6078.718359199839,0.7378875041584466,0.8556373776048731,0.6218271841818566,817.6203757357513,551.8313875916363,-0.8861460820812663,255.90982041878314,272.95180006145114,712,691,491992,357551.0,307601.0,0,255,1.0,255,0.0,193.0,0.690532333754603,-1.4152113049009216,0,255,4.0,255,2.0,206.0,0.6752788743639009,-1.4513807066116227,0,255,7.0,255,3.0,210.0,0.6669785408988783,-1.4663404980792658,4.114347817086,14.67516599890317,179.13619895983553,0.16114536704874366,1.681901080960499
Ross_East_Front_2018-02-19_S2_RAW,2018-02-19,11.15228,SENTINEL2,Ross_East_Front,1.3663257814138872,2.5530959373470385,4.457548423187189,2.4293615746069004,3.7079623637629764,5.996318344892003,0.5351642926431276,1.7459384732892187,0.3065195600065516,2.792323380649372,3.9645545648006726,233.66666666666666,0.26503182447384194,0.3466446025758868,-0.9288156005203634,0.3741958604293406,0.5510077195018832,2.001856887780005,153.46488921646613,42902,0.07499825187049856,1133,290.325,501,456,677,4.812368100273329,0.5105320120632808,0.8481199984630342,0.6327968616684493,0.8596225545532392,0.40043348385805594,22.75754667505769,5.3026368461556785,0.3592585249155215,0.4656052110790037,0.536450151306877,0.708282842918626,0.9505877577441153,214553,37.50664289210545,2146.6082604829626,0.7910771623355531,0.9970166593089989,0.6251107148684241,715.2175879507427,437.5103101135302,-0.6156110889704701,896.1720973372546,301.8360824598118,681,504,343224,215195.0,214553.0,0,211,0.0,211,0.0,3.0,9.235485046181147,328.35240072288656,0,246,0.0,246,0.0,6.0,4.045749083478768,112.25133837444902,0,244,0.0,244,0.0,11.0,1.4646720675175713,17.361375623776876,0.3555982938326251,1.3298633788801155,126.11855093081623,0.08633326388414522,1.1002126852446694
Totten_Front_2024-11-03_S2_RAW,2024-11-03,4.403376,SENTINEL2,Totten_Front,139.45450454923477,140.27015131015477,140.4785174335613,118.7542403773816,119.44134472949062,119.626898510075,0.9941851723021535,1.001485463025171,0.992710537503287,140.06772443098353,119.26956574019611,255.0,0.005040804691650131,0.010117986427663705,0.16731892730723888,0.5810086516142646,2.5245863036704144,11.443848740701288,282.52721107886225,205380,0.12746546181249457,1188,1318.5833333333333,1350,1,1187,147.2519404680326,2.3378123520302005,0.6109112321787086,0.42334668664518293,0.9947946989649433,0.17922366105477727,22.065946526321017,6.790974914742421,1.6794654419852857,2.1445853813719347,2.4992097040105303,1.833167941773134,1.6099753697112362,934426,57.99349577349403,4710.331311379186,0.7933745604544356,0.9979324235712257,0.5803635866763557,1505.2755651902817,916.3120747382442,0.8296926484371604,445.76484494224263,886.5953387427148,1190,1353,1610070,936362.0,934575.0,0,255,238.0,255,0.0,241.0,-0.320544194702321,-1.893741584543101,0,255,239.0,255,0.0,243.0,-0.32077937040328336,-1.8936904212220445,0,255,239.0,255,0.0,243.0,-0.3206049629497364,-1.8938442073832384,1.6928539669550533,7.109571519241064,273.84525232733586,-0.028634851009156862,1.3666592654774368
Crosson_Front_2021-12-01_S2_RAW,2021-12-01,4.67256,SENTINEL2,Crosson_Front,169.93788364689536,173.0072063568373,173.4714813924538,107.4576452639442,108.96402569372772,109.03366832358161,0.9822589892370756,1.0026835589412308,0.9796300941382858,172.13885713206213,108.46562149801491,255.0,0.017232214927566564,0.023416845667962167,0.041906587301528186,0.5532605955431004,3.3486665777715,10.945666900127142,285.0986671312232,73160,0.07148705982595305,841,819.9791666666666,1033,1,840,145.54570629575122,3.2181784095856245,0.6163284075205141,0.3473341492736565,0.9937674803267665,0.12076360025772341,18.8067435865867,6.226596314196466,1.5726900517348925,2.5932269724010153,3.525152565110539,2.018240535372477,1.847946251515009,737074,72.02194250157807,3563.3767670841366,0.567521948277514,0.9994372797424775,0.844779113013679,1098.541657440044,904.4933568889019,0.9853492854621697,395.1140998054469,771.3801612863838,843,1035,872505,737489.0,737074.0,0,255,228.0,255,0.0,253.0,-0.8935390160413735,-1.0944482558343709,0,255,234.0,255,0.0,255.0,-0.9172356758943692,-1.0793080600141705,0,255,235.0,255,0.0,254.0,-0.9289779424539453,-1.0702675460491273,1.7579867529932212,6.3677663812242,262.73904459664067,-0.2288413496245708,1.3285750215734664
Fimbul_Front_2018-12-17_S2_RAW,2018-12-17,0.212524,SENTINEL2,Fimbul_Front,155.02194036417788,156.83869784968073,157.21156276089263,121.91315575159744,123.32416242580166,123.61080306498472,0.9884163952486846,1.0023773782632972,0.9860721288029964,156.3574003249171,122.94664671396227,255.0,0.008630363872872904,0.009967184715512278,0.24528380064689217,0.6135954669554818,2.373845866512394,15.640053496902915,284.98706110979845,103030,0.14529603556036913,1120,295.7916666666667,565,308,812,242.82472838148894,1.9872244207613374,0.7238782654397479,0.4150787135408766,0.9919090743720335,0.17231239915243027,22.79681400753627,5.612682436836954,1.3274202630800946,1.9008196916712565,2.3549658555531296,1.231527834892763,1.1254872233077602,438222,61.7993975495837,2719.338095116624,0.7298871161279045,0.9985007291286913,0.9494819494819495,924.7848121061296,632.1530251306875,0.026728824456271,725.9423579829402,274.65056295667495,814,567,461538,438880.0,438222.0,0,255,249.0,255,0.0,252.0,-0.4840921081265847,-1.763522987858965,0,255,253.0,255,0.0,255.0,-0.484970501866232,-1.7638519225316873,0,255,255.0,255,0.0,255.0,-0.4852908178682314,-1.7639628311354907,1.3766380923894606,8.046456154163819,180.31222920256963,0.1768479761572031,1.4187850506814554
Ronne_North_2018-12-28_S2_RAW,2018-12-28,27.779729,SENTINEL2,Ronne_North,14.582353448780347,15.026888594193396,15.136483246825769,56.24764306780443,57.943944522129264,58.38319411536521,0.9704173526859137,1.0072932365103173,0.9633911134372665,14.915241763266506,57.5151857941725,255.0,0.002511203007076612,0.013121916303548442,-0.06537450246887254,0.06299463299335348,0.7117521694867585,9.421592228072258,285.0986671312232,9353,0.009276956785231457,891,437.6666666666667,329,512,379,98.9304661475176,0.6905704677573764,0.9532537036485005,0.9360741688662847,0.9849526330002899,0.8762352255737899,23.40926128524485,2.866073445897837,0.3502544599326956,0.6050528343437396,0.8388361070697857,0.2444514776235954,0.942654515626884,63671,6.31533321364773,1229.0691552395617,0.6724931999395488,0.9919146284467986,0.5035589440217649,363.8694493205387,269.3009805466599,-0.17496543635754408,764.6997063027123,448.5196871417129,382,331,126442,64190.0,63671.0,0,255,0.0,255,0.0,0.0,3.6100158748023823,11.081438046713297,0,255,0.0,255,0.0,0.0,3.606040500692356,11.041430903957584,0,255,0.0,255,0.0,0.0,3.6073517261520487,11.048692962592245,0.3751600407548568,5.5643593291374085,282.63914960402934,-0.0023932779558853493,0.425710409689317
Dotson_Front_2019-11-11_S2_RAW,2019-11-11,2.920019,SENTINEL2,Dotson_Front,5.8758872973512695,7.221127208031516,10.891303124375941,21.952734156877902,22.136858724568913,22.820136434032314,0.8137077672215207,1.5082552640966551,0.5395026867029744,7.9961058765862445,22.25361577209876,255.0,0.45980617195318774,0.32275578658153276,-1.6756361091218452,0.698909826988363,1.4848145114005606,8.335484687408458,273.333866869398,152410,0.13834576911206725,901,849.0121212121212,1046,1,900,74.782438797694,1.33263483880366,0.7736305420525417,0.3535037724849454,0.9229658941741578,0.12498537076333573,21.901167329303053,6.402664989271895,0.8392142571980873,1.1799388467839234,1.4527966822928273,1.1112171512709474,1.1899980630333928,8706,0.79026196830238,430.6589462905455,0.9776509229456855,0.8629812438302074,0.32437847866419295,168.41352299694842,35.40638401845249,1.19219908520238,699.9688858384809,1037.1329215282544,77,175,13475,5065.0,4371.0,0,255,3.0,255,0.0,3.0,9.047000791469992,89.37886848424557,0,255,4.0,255,0.0,5.0,8.649534784170708,83.12630730915447,0,255,9.0,255,0.0,11.0,8.111527470652604,76.00453020822702,0.8709012332089486,4.744069123316059,253.24779257565987,0.15090355224925459,1.4790880340692716
Wilkins_North_2024-11-19_S2_RAW,2024-11-19,11.697013,SENTINEL2,Wilkins_North,223.65543442463468,225.58971207939106,229.14893319530978,52.89690852835953,52.05154501671216,50.58432291589727,0.9914256832147789,1.0157774088322102,0.9760265138738812,226.13135989977854,51.83413100395128,255.0,0.0571630186170477,0.1525876010166938,-2.3443772090308075,0.9938554812560593,5.561541056519629,18.507818938761094,242.0444461021341,242643,0.20437621132090728,941,694.2125,1256,1,940,364.32445506115283,5.013589625491339,0.3598613532198374,0.10361315841845309,0.936941338218867,0.010748745504542112,20.515980381339194,8.578837508260587,3.421824374903857,4.49384015528023,5.255644563759743,3.037793937744672,0.7891930334840914,1120668,94.39294765914472,9009.363199609263,0.6063727483562138,0.943846089702393,0.943846089702393,1385.3744711663987,1101.6228190879744,1.5177928475758429,466.7362714835053,661.6389566372084,943,1259,1187237,1187237.0,1123764.0,4,255,238.0,251,235.0,239.0,-3.7373287613153967,12.253084958730456,9,255,240.0,246,236.0,241.0,-3.738668140646345,12.283343836376833,18,255,243.0,237,239.0,245.0,-3.7365317603674693,12.280543235365208,3.5028310553233846,10.997965121670918,239.7065335409576,0.11263193369306647,1.7711569514930603
Wilkins_South_2021-11-18_S2_RAW,2021-11-18,10.887019,SENTINEL2,Wilkins_South,11.486405442472048,11.747904274616863,11.628191585071772,50.99014363956954,52.132882005965875,51.598448227722244,0.9777408100943079,0.9898098684798846,0.987806690175235,11.620833767386893,51.57315512666532,255.0,0.0011020901053070517,0.0052886308183449325,0.11325228609179228,0.04865733243451961,0.6909932782859478,8.338225246625914,285.0986671312232,10515,0.00905270715977447,925,1178.4473684210527,172,284,641,72.91206492896198,0.619262403580186,0.9600361989781935,0.9514999948685278,0.9860052705428831,0.9053522659586161,23.663829032544115,2.413656210618179,0.3480800662890732,0.5457181748373733,0.7099547798325101,0.20949209233422733,0.9221510303109055,56237,4.841627128333208,1525.0376259469856,0.9733908966214652,0.9944123211854367,0.5018651388591419,614.633706787888,140.84390383211982,-0.14146863512680916,711.2247986201255,1194.4476945783026,644,174,112056,56553.0,56237.0,0,255,0.0,255,0.0,0.0,4.225798469259154,15.911081520898296,0,255,0.0,255,0.0,0.0,4.2210005921605545,15.855900016678635,0,255,0.0,255,0.0,0.0,4.220265958376937,15.848175701611257,0.3771413106018232,4.719214487904191,274.6636832362242,-0.0061567907938702105,0.39787196432119104
Pine_Island_East_2018-12-21_S2_RAW,2018-12-21,0.010537,SENTINEL2,Pine_Island_East,14.797273583129353,15.172929140777004,15.219779074876044,57.577887391977306,59.04492116905548,59.271954835864776,0.9752417246360423,1.0030877316808144,0.9722397092779511,15.0633272662608,58.619592875509845,254.66666666666666,0.0020308610769485236,0.012239272927680803,-0.016589745950960657,0.06263603841084542,0.44363781875989483,9.020623422191347,284.0180207506403,7922,0.0099441410908178,676,226.09929078014184,537,496,180,88.9738173923332,0.43759036100337984,0.9730332887001393,0.9379495128680263,0.9868480687659184,0.8797493508040813,23.74321094583569,2.2537260810106545,0.23664963971191674,0.4024393736101392,0.5611212090968294,0.129389310705225,0.5068531963160156,49370,6.197200778258959,1344.6061684419096,0.9597326379018459,0.9878939469734868,0.5023402523402524,520.1189676891952,146.10924436041952,1.3909533214470902,616.948490986429,180.69098642900548,182,540,98280,49975.0,49370.0,0,255,0.0,255,0.0,0.0,3.63536625636074,11.221176423520998,0,255,0.0,255,0.0,0.0,3.636499508869206,11.232624457324222,0,255,0.0,255,0.0,0.0,3.64214905574016,11.27895222716906,0.2405158398749143,5.152785500567792,272.85018274177907,-0.012995321995899398,0.420402116925254
Totten_Shelf_2024-02-01_S2_RAW,2024-02-01,18.667805,SENTINEL2,Totten_Shelf,22.71727596975218,25.560454025592886,28.5553379142814,51.635901549609606,52.02634732922266,52.70081916401437,0.8887665276570285,1.1171686498830622,0.7955526927352878,25.61102263654215,52.0987243171169,255.0,0.6575889059257249,0.3115780010711057,-2.446483726671909,0.9139318160098894,9.605250479397132,24.965060275187607,267.2492854163609,201194,0.12404566150924667,1195,797.1843971631206,1352,1,1194,681.1878912749977,8.129757928104432,0.6371717822048638,0.3672966031743863,0.8742221245899846,0.13494407558103402,20.931474442563974,7.075323371176622,5.466046832581099,7.580087014176255,9.10882685974731,1.9254774404171053,1.9471209160534266,160700,9.90791862805846,5496.65757212449,0.9492424778423961,0.6014638527166591,0.42091998667596836,622.5572554104172,195.82243146330208,1.486829126582257,221.31432069640005,1119.7570662804414,249,639,159111,111350.0,68313.0,0,255,1.0,255,1.0,7.0,2.7156783345798963,6.616637351330777,0,255,4.0,255,3.0,11.0,2.715785760746255,6.639367424268224,0,255,6.0,255,6.0,14.0,2.725064156130899,6.715334755524076,5.703200566640463,15.534619479636163,218.75258728628663,0.23050972968026381,1.6179548139511621
Mertz_Front_2019-11-03_S2_RAW,2019-11-03,11.804754,SENTINEL2,Mertz_Front,196.63113740436438,199.65496033241624,205.91623167376474,61.1894005576621,57.49135028472289,57.38217376350074,0.9848547568108711,1.0313604597192108,0.9549083906886645,200.73410980351508,58.51631294019486,255.0,0.06192033267822026,0.08194926165511433,-1.9673922507143822,0.9671187766177967,9.538746630280011,18.601289222341286,281.40007107319644,359046,0.21143835035616027,1350,436.77433628318585,1253,1,1349,403.0721211640621,8.401554065485081,0.2899690239714846,0.08033871457745141,0.9407372245050469,0.006456598688930327,20.39589968152866,8.695725457709457,5.880786649117683,7.324431085109317,8.205836786527572,3.555725819833952,1.2792383078477108,1381591,81.36041674518523,34846.533998308645,0.6369514961300621,0.8328845742040355,0.8062418733275544,1602.8722718313904,1235.6604528532446,-0.29223533057075163,667.0799400185086,701.1366054361696,1352,1256,1698112,1643792.0,1414296.0,0,255,231.0,255,163.0,235.0,-1.7199662305855365,2.300508332476717,0,255,230.0,255,181.0,233.0,-2.0729905502276385,3.846718091716152,0,255,235.0,255,192.0,238.0,-2.208082937079144,4.497109132958531,6.134951984567431,11.299059023086821,261.7717411113057,0.13695299072444267,1.7716975947337876
McMurdo_Sound_2022-11-02_S2_RAW,2022-11-02,24.05297,SENTINEL2,McMurdo_Sound,10.151686139895881,12.010473901316232,12.092762692406517,35.3190419493289,41.7917886318099,41.97773336720405,0.8452361016911107,1.0068514191584548,0.8394844418956922,11.418307577872875,39.6911917288341,222.33333333333334,0.017216795940114528,0.07169061167750589,-0.049327624439771955,0.08820986787062739,2.095240172737898,10.782419309311972,210.06011044460584,12549,0.015883623881254437,191,3.0,674,1,190,153.02076431868747,2.1018045132686822,0.9210931270358956,0.9128419835472563,0.9624871981612865,0.8332805640988409,23.556595140362933,3.0173219397343534,1.1693594173790889,1.5983474812125946,1.9063235855607759,0.4411940500154625,1.4234239303759226,58711,7.431217162262565,1742.7169542418142,0.7436623296014752,0.8999490911268829,0.5733363858363858,261.2425808401259,174.6551413861046,-1.5616190424618004,94.76514042326635,102.24015040596299,192,273,52416,33393.0,31514.0,0,202,0.0,202,0.0,0.0,3.341665720373914,9.547972164685714,0,232,0.0,232,0.0,0.0,3.344671376036857,9.562277020262096,0,234,0.0,234,0.0,0.0,3.3407384133408864,9.544382043698825,1.2445236816379155,6.389338631022747,163.8169710378018,0.0017264477104121942,0.5354715997132635
Totten_Shelf_2019-12-17_S2_RAW,2019-12-17,25.856452,SENTINEL2,Totten_Shelf,223.42506019045152,230.20411360504582,233.98309611667545,46.192187706462015,47.047351241340344,47.5848366939282,0.9705519883701038,1.0164157905449573,0.9548769287117448,229.20408997072417,46.85682760482159,255.0,0.049614478452142785,0.056270381267893674,-1.7016702111330193,0.9538631326162885,18.59585297630202,40.07025191164426,280.96463300565074,283042,0.17450884283278922,1195,644.8613569321534,1352,1,1194,1778.4474493597427,15.735131483441641,0.27006978319133096,0.07416162487128498,0.5938033020227178,0.005576139237266925,19.120482633397764,8.580244932300664,10.542296456855704,14.57251457411171,17.339129379375148,3.7516003326362055,1.1650699137797842,1568301,96.69320903735354,29542.67559552613,0.4700853483386754,0.9668148058632541,0.9667927506342733,1564.1593661950044,1380.5598469185172,-1.5489936286038848,597.054538207675,685.2654726336432,1197,1355,1621935,1621898.0,1618170.0,0,255,236.0,255,226.0,242.0,-3.584023978671573,13.269796188175679,0,255,243.0,255,234.0,250.0,-3.7392348823258725,14.148287776828841,0,255,248.0,255,239.0,255.0,-3.8319299459219236,14.642131558451421,11.014886304863541,24.372435656149268,269.67243504337296,0.00028992856255405196,1.7605241409431338
Larsen_C_North_2019-11-04_S2_RAW,2019-11-04,0.0,SENTINEL2,Larsen_C_North,240.97066961780504,247.6773344807199,247.5260823763428,28.186810246790483,28.546860764759995,28.503187832156012,0.9729217658245825,0.9993893179414494,0.9735162747468845,245.39136215828913,28.373733600656042,255.0,0.027613768696446266,0.0129676933152488,1.687545269456506,0.8620349076078243,0.41161984680669494,4.794220287271363,285.0986671312232,219398,0.13740956188872855,1186,837.2710280373832,1341,1,1185,26.2640296242986,0.4031640071020987,0.851057367310241,0.2130953280006648,0.9832235430460089,0.04542239680716875,22.513824379709796,5.6611805200853755,0.298491291815848,0.37026656714228123,0.43155411498392193,0.7153848062406646,0.4034412800023989,1576126,98.71319845278178,4975.060966544099,0.47742163847088864,0.9999111825034607,0.9871319845278178,1541.6374009090514,1354.5972111527417,1.4470374579893792,600.6118178368988,663.9687467880105,1188,1344,1596672,1576266.0,1576126.0,0,255,243.0,255,239.0,248.0,-8.019713449897989,65.74604014915366,0,255,251.0,255,248.0,255.0,-8.397646261095355,69.91781190666299,0,255,251.0,255,248.0,255.0,-8.421056902748415,70.18659601811028,0.2893352835731185,2.949902615490826,283.3098519681626,0.31395055378922954,1.6108402978736065
McMurdo_Sound_2022-11-04_S2_RAW,2022-11-04,25.270706,SENTINEL2,McMurdo_Sound,10.502915605037092,12.231014392595997,12.518604306766964,35.332531951695124,41.23221374544514,42.14655436918706,0.858711736232534,1.0235131694590032,0.838984550320503,11.75084476813335,39.566420064647076,215.66666666666666,0.014141908463218182,0.047313913646565744,-0.23086564823382374,0.08833011205492249,1.9922780995121006,10.005621519777602,208.6641706453485,13001,0.016455733052847952,191,3.0,674,1,190,139.62877207209883,2.050647786342418,0.9195159558078494,0.9125220067564541,0.9675329153613833,0.8326964813634548,23.568337301391416,3.016488933064134,1.122380654959727,1.508929100885725,1.7815946339331532,0.4504476895443265,1.4452511858844959,62237,7.877512945235736,3231.1464991745866,0.9746350292035207,0.89857353238428,0.47880508370260955,689.6687410924657,154.3480489222029,-1.418751659062642,64.84109131224191,241.0884522068866,192,677,129984,69262.0,64301.0,0,198,0.0,198,0.0,0.0,3.208531700923522,8.661900885386894,0,223,0.0,223,0.0,0.0,3.2195185184923396,8.729448684923485,0,229,0.0,229,0.0,0.0,3.2150764892357575,8.705433358802207,1.1956953212742303,5.950053230621716,136.55289980240053,0.0011309293671850627,0.5385550420384301
Ronne_North_2022-11-02_S2_RAW,2022-11-02,4.649852,SENTINEL2,Ronne_North,74.34248564516658,76.31628937598505,75.43442303438712,111.257506609805,114.21209392420003,112.89153361782103,0.9741365343224221,0.9884445856984463,0.9855246803064784,75.36439935184623,112.78656017590072,249.33333333333334,0.007980150695216483,0.012157825241268527,0.8271914498041446,0.3086192480239477,0.8654761569790193,11.559572384313444,276.3036272734118,62790,0.062279494979651795,891,673.5022222222223,853,341,550,160.53632009378757,0.8921587168718953,0.8846865034129219,0.6955002015362591,0.9939425483520395,0.48372146681523825,23.10437543456289,4.685917751698216,0.5293896833853621,0.8253906765589144,1.1026971331264137,0.5293850435264247,0.7893144256172796,311210,30.867975207226365,2476.3799051457163,0.7777734127157793,0.9982134093730254,0.6574377651214277,834.0589299499335,524.2433720405443,1.4899262825870445,687.406937437743,720.3718646573053,553,856,473368,311767.0,311210.0,0,246,0.0,246,0.0,240.0,0.8284181229504639,-1.3135791589859567,0,254,0.0,254,0.0,246.0,0.8284571849633463,-1.3134576480558473,0,249,0.0,249,0.0,243.0,0.8284114668965715,-1.313599793339119,0.5206960880552552,7.09661064775156,274.36558133669433,0.05504376131519408,1.002364931841574
Cook_Front_2020-11-28_S2_RAW,2020-11-28,2.743375,SENTINEL2,Cook_Front,228.78629701550264,230.66113653699466,235.97716639271172,27.38774237957948,24.70928797042328,21.531485473034518,0.9918718881310528,1.023046924746086,0.96952726618753,231.80819998173627,24.514022281617645,255.0,0.03461886021285829,0.03619861187819361,-2.0314096498698815,0.9661356775281744,4.774385385684432,9.607976417680662,167.70451859015475,276841,0.18588715742203027,1309,544.8474576271186,1133,1,1308,213.27141179827382,5.801724203339314,0.30094936753158474,0.07117518590101825,0.9073739895069829,0.005091774851031197,19.38104245227275,8.579199497999465,2.651722421698266,3.5486884325022716,4.184385954991277,3.410820959842891,0.9397548438183083,1225008,82.25416572662519,18083.13296249168,0.6845893877011204,0.8761893137178135,0.766376193852666,1495.925074704378,1090.4230489355023,0.6017110119580915,543.1977770398673,645.3349895431858,1311,1136,1489296,1302642.0,1161810.0,58,255,239.0,197,226.0,243.0,-2.0765727803861163,4.621297499098433,69,255,239.0,186,229.0,244.0,-2.1177214130281623,4.946281638521991,85,255,244.0,170,235.0,247.0,-2.2689053076096095,5.804188167063508,2.8699131093480164,5.4010461076706795,104.7988814613761,0.27486693490235353,1.7609247269215078
Pine_Island_Front_2021-11-02_S2_RAW,2021-11-02,28.155033,SENTINEL2,Pine_Island_Front,20.952030515527472,22.649224310007533,22.94393181982018,60.66097230540371,65.11804694664542,65.76440379562264,0.9250661403965759,1.0130118146951783,0.9131839599234115,22.18172888178506,63.82547655970761,255.0,0.010676526609495442,0.0346729308392812,-0.12011310652505085,0.10333915836206489,1.2886691658967828,10.527257601985463,285.0986671312232,13137,0.016327895258857483,681,794.5603448275862,814,466,215,117.01363431399761,1.1798641544982866,0.9208492593486709,0.8893178957020216,0.9853669283168028,0.790886431699802,23.236131170035325,3.4757491804683136,0.6369321102651325,1.0179660355227589,1.3393163342934755,0.4145511264058573,1.2371638519592256,88827,11.040252357148006,1929.848809129029,0.9741872758317379,0.9954724255023478,0.501643399295202,778.3425057618604,175.70407854453143,-1.4316753273146958,610.1044952548211,904.8387990138134,217,816,177072,89231.0,88827.0,0,255,0.0,255,0.0,0.0,2.675620893276386,5.56779168768227,0,255,0.0,255,0.0,0.0,2.606567595127955,5.0449275605890715,0,255,0.0,255,0.0,0.0,2.5786438127410363,4.845638034769013,0.6915052070776126,5.910466996131224,242.69161959619086,0.007029759631033724,0.5900851018270229
Ninnis_Front_2021-11-20_S2_RAW,2021-11-20,10.032829,SENTINEL2,Ninnis_Front,112.35885572550848,112.6463318493786,115.50264705439997,114.14054598423061,114.39770439663918,117.25708378031318,0.9974479761635359,1.0253564866074651,0.9727816512507449,113.50261154309564,115.26287447801856,255.0,0.013981181424301457,0.015632216986135157,-1.050674354411864,0.4924818391012047,1.8161463008414278,9.792341776594968,285.0986671312232,120805,0.07570487850120572,1330,306.45323741007195,633,1,1329,101.09364092495706,1.6386674159584882,0.7005161200824754,0.5073086495247187,0.9961731381352154,0.25736301226828134,20.39821436628615,6.6527542530027794,0.8926383003825563,1.356876304349589,1.7428839978834099,1.5185193162530857,1.6113997941483587,786755,49.303581544816936,3987.0102807365156,0.8957608789752104,0.9984225848288955,0.9316354998531655,1537.4472820100086,683.4509976701406,0.04106226916780432,682.0037050924367,295.37267637320383,1332,634,844488,787998.0,786755.0,0,255,0.0,255,0.0,228.0,0.03847833182728214,-1.9847714420954046,0,255,0.0,255,0.0,228.0,0.036734487719599994,-1.98704296185783,0,255,0.0,255,0.0,234.0,0.03464173361688209,-1.9899565869251126,0.9868965134286043,5.362173585233794,264.1556780048883,0.10223197727852672,1.2509938349854144
Filchner_East_2023-11-21_S2_RAW,2023-11-21,8.293106,SENTINEL2,Filchner_East,88.70000855635834,90.07837808247409,91.66824330602965,112.46913119490111,113.86598351382413,115.41989268797475,0.9846981089629278,1.0176497985121151,0.9676198142048084,90.14887664828733,113.9072847252261,255.0,0.02376630379693682,0.0831781780245163,-0.964653362630123,0.4050202822494206,4.280829775607949,17.493209441679543,285.0986671312232,95915,0.08824549572136081,1097,210.03669724770643,438,1,1096,323.41349377718706,3.8990029326037825,0.6797216799752581,0.5938831868378512,0.9874655169357994,0.3526976790865086,22.477903894615107,5.942194685625468,2.666311987316217,3.5164992869764333,4.16156712539563,1.5998744532153661,1.9790324596182836,413340,38.028872649186546,4677.29996155536,0.8908370865144312,0.9585774293514154,0.829314839703627,1028.7374948904305,467.3789882344508,0.013229548984775574,490.8159310696862,191.4544067479854,1003,431,432293,373999.0,362094.0,0,255,0.0,255,0.0,231.0,0.49948685223763,-1.7374734136681838,0,255,0.0,255,0.0,234.0,0.49605349610717636,-1.7411049806039287,0,255,0.0,255,0.0,238.0,0.4923988977274566,-1.742780116301533,2.7330669216598227,10.141631494233842,250.9993913228565,0.08683585808211373,1.1610608511172427
Ross_North_West_2019-11-09_S2_RAW,2019-11-09,11.853587,SENTINEL2,Ross_North_West,23.717658828473404,23.593805862023547,23.755696750359085,73.99886982728547,73.61323841292342,74.11716946689778,1.0052493848204747,1.0068615843150355,0.9983987873567655,23.68905381361868,73.90951388158739,255.0,0.0006354610841879543,0.0025614552475625046,-0.08865757003595,0.09341227976642226,0.5284863375635352,10.60138766382292,285.0242192438312,14216,0.022291495487132527,150,2.5,553,1,149,114.38750519125482,0.5039674769474246,0.973717543927644,0.9078487115667163,0.9893559718713002,0.8241893207988018,23.98788676121004,1.1965933601589458,0.28135278000725766,0.4795034246884365,0.6669812734018628,0.1140020813738689,0.355273457334639,59411,9.315982262141462,1358.4507934888322,0.9771530704908117,0.9953925543678585,0.7076444804421363,625.669962882,132.97787038924474,-1.4881707388429741,55.940819040245074,239.38275740182794,151,556,83956,59686.0,59411.0,0,255,0.0,255,0.0,0.0,2.799511619600802,5.8373847296679315,0,255,0.0,255,0.0,0.0,2.799622136919013,5.838256733376102,0,255,0.0,255,0.0,0.0,2.7994591618782376,5.836971729585075,0.2854954038314991,5.706099342311866,180.31222920256963,0.022007407507756732,0.5547247702522273
Totten_Shelf_2023-02-19_S2_RAW,2023-02-19,13.721073,SENTINEL2,Totten_Shelf,94.26642867932439,99.10269832021629,102.6035568626363,101.95153887266068,103.10150348648042,102.38621331769568,0.9511994151222777,1.0353255622869586,0.9187442576229071,98.6575612873923,102.46649038091064,255.0,0.3729409686301431,0.32353169758642214,-1.9562545552852428,0.9827120075712036,14.60800518100705,21.880617625335443,272.2085087248784,306921,0.18923138103561488,1195,705.4519230769231,1352,1,1194,680.5652724696619,12.224921883486347,0.31718021408720004,0.10254816588554609,0.9675760635205601,0.010551324834276657,20.665807199425377,8.333279340929488,9.764987111107928,12.203194662065806,13.607200764867107,3.5344647891713343,1.5288314581286466,660426,40.7184011689741,4287.063238053901,0.8801558512551669,0.9779927236686248,0.8836169945561071,1344.0433419323285,637.9969706521883,0.09785134364054399,562.0591265954587,1080.0120731153427,1197,612,732564,661872.0,647626.0,0,255,18.0,255,3.0,217.0,0.37897828585353144,-1.7421706961884051,0,255,22.0,255,7.0,222.0,0.36602192562020863,-1.75450771475992,0,255,26.0,255,11.0,224.0,0.3745525972753667,-1.738832106844608,9.613255384449703,14.772203205794945,267.2111628573095,0.09033383623253058,1.7708491736866918
Larsen_C_North_2021-11-23_S2_RAW,2021-11-23,24.587437,SENTINEL2,Larsen_C_North,200.14534105940356,204.12088331228955,205.00409601972103,97.58040354003924,97.60974972581776,95.47085385521629,0.9805235888240708,1.0043269100789645,0.9762992298458871,203.09010679713805,96.8582334975603,255.0,0.16169350899891627,0.33006531976023445,1.2391811753862376,0.8010148609106943,11.196718844085426,36.9644255820274,285.0986671312232,201654,0.12629644660894662,1186,861.5974842767296,1341,1,1185,1405.9138605485548,9.611861820468592,0.7410297444469939,0.3733681062833906,0.9248497863271535,0.13947676438203457,21.854559358465607,6.0153560093698015,6.1805357436817205,8.847724234524165,10.767516833089417,1.3467381210552845,1.6488037500707289,1260978,78.97539381914382,4501.728101530107,0.6587401056868479,0.979679814463615,0.820746586025594,1408.60452498305,1059.7925880157884,0.37106366149484077,632.6626648304731,468.92679237810086,1188,1129,1341252,1123661.0,1100828.0,0,255,251.0,255,240.0,253.0,-1.4521158330619195,0.20256112065402876,0,255,255.0,255,254.0,255.0,-1.4811737730432668,0.2767318339771543,0,255,255.0,255,249.0,255.0,-1.484046201295543,0.2859956320833641,6.471837154361809,21.925731170001594,285.02417051502454,0.22079245172273948,1.5483451438557558
Larsen_B_Remnant_2024-11-10_S2_RAW,2024-11-10,3.282882,SENTINEL2,Larsen_B_Remnant,218.34838517561505,223.46966804040537,229.3705789599926,38.75958946282059,36.18153233921055,35.08007224239474,0.9770828725446442,1.0264058696253027,0.9519459128784112,223.72954405867085,36.597526582303345,255.0,0.05771286327646707,0.06976651807631773,-2.422951483947804,0.9968429903892805,17.49889894661995,26.07833731255169,257.2223962082445,291872,0.19888683554930467,1126,675.6457765667575,1298,1,1125,1035.16124254876,16.241799754726525,0.15005877028729314,0.03025134538109439,0.6625442480032567,0.0009217387058202795,19.564362656112866,8.974601962757701,10.808168393871222,13.620503266211617,15.3389167959402,4.528200932275285,0.8802806386958006,1394987,95.05692566002148,19311.365501911034,0.45020123055180666,0.9433830223341565,0.9433830223341565,1472.0166042227015,1314.403555555095,-1.4366125915394214,571.2509626629087,677.1290340288969,1128,1301,1467528,1467528.0,1402905.0,8,255,231.0,247,216.0,238.0,-3.1643737355718864,11.495709333576665,15,255,234.0,240,224.0,240.0,-3.551194959727222,14.262804449580017,26,255,240.0,229,230.0,245.0,-3.622254812557931,14.716759613131725,11.164666302948586,16.14227196416682,215.88480724682782,0.006420109166235977,1.800486963429703
Totten_Front_2021-11-10_S2_RAW,2021-11-10,3.900283,SENTINEL2,Totten_Front,4.868760473170066,4.987817608579621,5.074939488350732,32.94412515678253,33.61524607023638,34.08339039785542,0.9761304151734866,1.0174669337386164,0.9593731086351124,4.977172523366806,33.54238219899744,255.0,0.0014606278364842184,0.014749073574686772,-0.022360640352133643,0.02410970296538113,1.0992055712821438,11.973556647008504,285.0986671312232,6633,0.004116654047143229,685,295.5,297,277,408,143.7803411649879,0.9769280367063481,0.9816074237809417,0.9753459294330643,0.9354930427127219,0.9512998215947835,23.89149547559053,1.5061672188002297,0.6089675103960831,0.8938486864716422,1.1167699405867948,0.0978559564048359,0.6512854453005301,34283,2.1277137147325695,3014.6237713221117,0.942140350934312,0.849659812327693,0.2740272452891753,436.20889453049887,146.22536704434143,0.6610660303964365,493.44330664126454,96.03063138153782,410,299,122590,39537.0,38578.0,0,255,0.0,255,0.0,0.0,6.89888222139094,46.592615361905274,0,255,0.0,255,0.0,0.0,6.853255155216709,45.88688991903712,0,255,0.0,255,0.0,0.0,6.813928905451816,45.274113906659686,0.6307641151235079,7.2245721515620245,273.16763270115945,0.0018336032879952776,0.2758019676921318
Crosson_Front_2021-11-01_S2_RAW,2021-11-01,24.017786,SENTINEL2,Crosson_Front,160.90020930191656,168.2150748190838,167.62684165166766,103.03806676252356,106.67905564861556,105.9907933891446,0.9565148038894251,0.9965030888691252,0.9598713888326718,165.5807085908894,105.19074359441491,255.0,0.035932926974995824,0.037719087557693154,0.7482400606071086,0.5953935989962889,2.4772089563650974,9.629397518841325,285.0986671312232,89889,0.08783351996576126,841,856.9714285714285,1033,1,840,108.56595176069044,2.266474079614981,0.6088731153340395,0.31416924719137196,0.9950558177715538,0.09871403986674565,19.199839359313348,6.996833208562793,1.191770890411905,1.848666635748645,2.4040811409809377,1.9978879582731834,1.7249264399645572,737074,72.02194250157807,3563.3767670841366,0.567521948277514,0.9994372797424775,0.844779113013679,1098.541657440044,904.4933568889019,0.9853492854621697,395.1140998054469,771.3801612863838,843,1035,872505,737489.0,737074.0,0,255,212.0,255,0.0,239.0,-0.8190260675128864,-1.1370691969466387,0,255,226.0,255,0.0,251.0,-0.8763639047271381,-1.1057145758571494,0,255,224.0,255,0.0,246.0,-0.8920737906913062,-1.0909949125831984,1.3278098419863884,5.636610982589403,264.46591882929306,-0.0485790236367085,1.398940387030555
Pine_Island_Front_2022-11-20_S2_RAW,2022-11-20,2.866144,SENTINEL2,Pine_Island_Front,48.9089791616433,50.330213255710476,49.9277369141931,95.99892733313679,98.75341661326692,98.0009508696811,0.9717618106058175,0.9920032855896768,0.9795953548946427,49.72230977718229,97.57420925737479,255.0,0.006144387101040812,0.017286255702305027,0.5220360660659585,0.20290116260281837,2.1535546324238646,13.902054942975465,285.0986671312232,31308,0.03891251768016366,681,775.0647773279352,849,334,347,208.0821592611628,1.9779481666563792,0.8583956727154822,0.7920817492433891,0.9890004611310467,0.6273944071894118,23.024400490197298,4.3052276287789075,1.1754566195385894,1.7720849526083715,2.2656035308652305,0.7081791096422607,1.4538984611887815,166285,20.667458804286493,2243.1707063234767,0.9506701328672071,0.9940102936868974,0.5598840400136027,891.9765514371388,276.6943733451777,1.3632736071641143,562.4407192470758,671.7669122290044,349,851,296999,167287.0,166285.0,0,255,0.0,255,0.0,0.0,1.4608402890065144,0.150242395108656,0,255,0.0,255,0.0,0.0,1.458425558380705,0.13955742355969836,0,255,0.0,255,0.0,0.0,1.4600565699323511,0.14540405628917563,1.2271033880271496,7.944904367452784,180.31222920256963,0.0027173325580245045,0.7892173888891673
Dotson_Front_2018-12-20_S2_RAW,2018-12-20,0.396266,SENTINEL2,Dotson_Front,1.2749423597117078,1.3604024835248625,2.6073371094530073,17.180218525322044,17.54451646374671,17.724133981100806,0.9371802647070727,1.9165924355751125,0.488982554285157,1.7475606508965262,17.45188606184546,255.0,0.53417523527893,0.49813364935667503,-1.1279790421772073,0.4935860428807436,0.47720025511118236,7.47650157063852,284.76366907002415,68440,0.06212443040502515,901,867.5655737704918,999,1,900,58.27102311088038,0.38927886217742586,0.9687513239476789,0.8596936568719867,0.9007589430460952,0.7390742797036479,23.616211898407858,2.9160096783784915,0.27593471809679626,0.42003090858423753,0.5460999995597952,0.15293178759854745,0.4041195055494635,5760,0.5228473394695278,293.7167747730646,0.8112731267468865,0.9583952451708767,0.556674338319908,99.4431173440468,58.14114420473459,-0.949238995384751,875.3883720930232,1187.7049095607235,79,88,6952,4038.0,3870.0,0,255,0.0,255,0.0,0.0,13.902464332844014,194.12231620701257,0,255,0.0,255,0.0,0.0,13.64717257727591,186.60872716439596,0,255,1.0,255,0.0,2.0,13.355428417569872,179.87100481598952,0.27315478241576746,4.242921038367143,248.61242706045266,0.20248870141067124,1.1184602607740255
Pine_Island_East_2020-11-01_S2_RAW,2020-11-01,6.430533,SENTINEL2,Pine_Island_East,82.05725349902718,85.45146300131802,86.30879432624114,103.65433757384766,107.71129887809468,108.63439728859886,0.9602790943165653,1.0100329625112316,0.9507403520058627,84.60583694219548,106.65576668698435,255.0,0.020481765653144104,0.03009116724872407,-0.49128878642585905,0.38173225381284126,2.3152691225355198,9.702438217550064,281.26216023094497,51050,0.06408083851126592,676,988.0126582278481,514,1,675,101.23132279003683,2.042362486324032,0.7112041885840377,0.606461660214101,0.9955232571095937,0.3677960595410849,21.337037594928763,6.2243257206595795,1.1392208233007193,1.6870409834169064,2.1218833850509142,1.4698786137656352,1.8899615212168224,308761,38.75742170338292,2844.9797974644666,0.7310245894292684,0.9847987573637996,0.8825575678580412,787.1268454959492,537.0968838474884,0.14288865794721148,323.00479982899395,941.4597763318554,678,516,349848,313527.0,313193.0,0,255,0.0,255,0.0,206.0,0.5207434126571464,-1.6455804369507487,0,255,0.0,255,0.0,216.0,0.5077136261545914,-1.676076504215139,0,255,0.0,255,0.0,219.0,0.4990595475715638,-1.6955236779727338,1.2532106580054425,5.236176294833541,177.84051844278906,-0.04024259361633713,1.1135128408619852
George_VI_South_2020-11-08_S2_RAW,2020-11-08,28.42231,SENTINEL2,George_VI_South,96.91974623261221,98.3284805559358,98.7257035808985,117.91459194821931,119.33649046841815,119.64346396400997,0.9856731812038856,1.0040397555481022,0.9817073235957786,97.99131012314885,118.95300802947662,255.0,0.008898275525388516,0.02165670705833976,-0.027499898195831773,0.2495517328209314,1.404132017071441,11.110375113055202,285.0986671312232,45341,0.03831269022836699,944,697.1818181818181,1248,389,555,132.63389765082377,1.297380102009895,0.8466175016354961,0.6187327212858847,0.9952809514457098,0.38283243846766424,22.59120821735846,4.618165320015951,0.7339875083384373,1.1326548233559603,1.4845515194328458,0.7611895995789515,1.397168069289625,482668,40.78496188250246,3411.661038331599,0.9397844583771413,0.9987026557278681,0.6926853490277796,1411.1256134560329,482.27717809180956,1.4166936269656745,739.9349014229242,532.515785177389,557,1251,696807,483295.0,482668.0,0,255,0.0,255,0.0,243.0,0.4257416312975421,-1.767903738806272,0,255,0.0,255,0.0,248.0,0.41336886780953824,-1.7897335726400707,0,255,0.0,255,0.0,247.0,0.40618145801455896,-1.8016868342377417,0.7801694572549835,6.272356219889038,180.31222920256963,0.049349190064190925,0.9045847074906455
Larsen_B_Remnant_2019-11-24_S2_RAW,2019-11-24,20.449686,SENTINEL2,Larsen_B_Remnant,185.16412702176723,193.24435922176613,198.93906283219127,30.33025085202799,29.569040310504022,28.435429534604456,0.9581864524654927,1.029468925423003,0.9307580139646253,192.44918302524155,29.3019681159815,255.0,0.07230715869057949,0.039863118085293935,-2.270126823611793,0.9978848785167983,7.361152976067146,14.924228100519366,249.66313415391457,249251,0.16984411881749445,1126,705.1934156378601,1298,1,1125,296.4986178376328,6.862858038346988,0.2842848257994112,0.030440884939099997,0.855146975462823,0.000966940950671858,16.558547434870068,8.27809057370588,3.953429185840331,5.43241503208956,6.435255699104057,3.706402255009301,0.8724193419584064,957093,65.21804013279474,16625.010162851704,0.7579113569988334,0.749075459240811,0.6056533013489201,1290.9182871454234,842.1402929225815,-1.2390849750774493,351.3026948324987,503.56307536968,910,1301,1183910,957232.0,739381.0,20,255,188.0,235,167.0,202.0,-0.29790015979721085,1.147322833934842,22,255,196.0,233,178.0,209.0,-0.49385212636720194,1.542806313118172,24,255,202.0,231,186.0,214.0,-0.7470377120053423,2.0896230219036482,4.29447940082202,9.407169735786054,195.18338954827982,-0.03002227672792938,1.79670247519898
Shackleton_Front_2024-12-31_S2_RAW,2024-12-31,25.55733,SENTINEL2,Shackleton_Front,180.57114262309076,188.90286604825366,193.48105436573312,89.96436827182463,93.53319503898487,95.38848272530836,0.9558941396731895,1.0242356742020398,0.933275576851404,187.6516876790259,92.91660238125131,255.0,0.05523457664263179,0.040147231402582695,-1.8741539330030534,0.7847575783445252,5.785512982826025,13.252487842399747,285.0986671312232,170431,0.1547827713791143,905,519.8621621621621,1211,1,904,208.66998006610845,4.974381188934808,0.5150989317957613,0.21146032092479247,0.9878169857184166,0.04473035604640881,19.845940143384148,7.833393408571976,2.928952316464988,4.205434176618524,5.1330150409645245,2.4795714736298606,1.7201190368633879,889183,80.75421079685914,4029.219479558755,0.7761995001370078,0.9989888583424242,0.8075421079685914,1389.1639720180626,875.8503527200515,1.1957918972944939,520.5645800695695,527.9551352196343,907,1214,1101098,890083.0,889338.0,0,255,224.0,255,191.0,228.0,-1.4245752806835887,0.20727392181774906,0,255,235.0,255,205.0,239.0,-1.4645980906995455,0.27053598895146136,0,255,241.0,255,214.0,244.0,-1.4921503868741783,0.3183277825855688,3.2389435543849996,7.745746622631431,201.82775935050273,0.08901145665186418,1.5648134498302655
Cook_Front_2018-12-16_S2_RAW,2018-12-16,4.12484,SENTINEL2,Cook_Front,242.04895064513704,243.38048447051492,246.02853898754847,7.325022078340217,6.497205045915836,5.664656596734422,0.9945290033078283,1.010880307526273,0.9838246881484297,243.81932470106693,6.4441211541512695,255.0,0.016475907236173367,0.010297686786624682,-2.153459615256577,0.9844906586736284,2.830481618072104,4.497383148495479,128.98131863008516,304059,0.20416290650078964,1309,519.070707070707,1133,1,1308,93.88138626599515,4.523839757172903,0.27527670955972267,0.057806165682358406,0.6445029070983904,0.003357029616900571,20.23996170002471,8.799465475859197,1.9130996827009419,2.200356022254662,2.3384033288921198,3.4299731241225255,0.7093560619311302,1154616,77.5276372191962,27086.508893816008,0.6793898882262356,0.8158775892239449,0.6730884928180831,1489.5622292702008,1093.0072083622176,0.9062802538002726,493.388075752074,624.0087637216837,1311,1136,1489296,1228650.0,1082016.0,97,255,243.0,158,239.0,246.0,-2.643748735609862,23.39700141663801,112,255,244.0,143,241.0,247.0,-2.304532755876269,20.779931076234675,126,255,247.0,129,244.0,249.0,-2.611203950511786,24.396840458194436,1.955915758551856,3.25453851386446,108.01555957875287,0.2867919613691226,1.7670277799312237
Totten_Front_2020-11-21_S2_RAW,2020-11-21,0.176917,SENTINEL2,Totten_Front,173.67399488598986,178.0188728076164,176.3990045057905,106.45970286310873,109.00374645679099,107.94172473070584,0.9755931612575732,0.9909005810654943,0.9845520124813991,176.03062406646552,107.79658253167297,255.0,0.02211288337863615,0.04851996274730128,1.7763286862291106,0.7387994488785175,6.45965806926957,21.595682166148872,282.41547408029896,252009,0.1564049253379343,1188,1319.8,1351,1,1187,491.3947200839548,5.736468183516615,0.45905936649825424,0.267918462181763,0.9787213392971982,0.07178213226450568,21.402070429353426,7.676972320432948,4.030306376085407,5.30669022445268,6.224063650375787,2.637186670200662,1.669030523846714,1172534,72.77124734679691,10659.368609180641,0.765099022834578,0.98542702840805,0.7277124734679692,1600.6593779574393,1030.684802452672,1.1324208329689232,462.3031937666626,765.6625641559222,1190,1354,1611260,1189874.0,1187618.0,0,255,239.0,255,0.0,242.0,-0.9969293388652545,-0.9821251483821589,0,255,245.0,255,0.0,247.0,-1.0002558071756473,-0.9774936930424656,0,255,242.0,255,0.0,245.0,-1.000884990733751,-0.9758670824155664,4.10969817848314,13.03117412151878,277.20114036962804,-0.07710457030060673,1.5384880847742888
Moscow_Uni_Front_2019-11-14_S2_RAW,2019-11-14,16.973828,SENTINEL2,Moscow_Uni_Front,153.54728417934064,155.6414196454519,159.22269850495658,105.15053922984121,105.48684273615157,105.10885916432538,0.9865451274411381,1.0230098059215889,0.9643554946687724,156.1371341099165,105.18074507229571,255.0,0.1889579929044808,0.30122555713491606,-1.8374092232499102,0.9808054021763699,9.782648622133374,20.295566789076698,282.4270063023168,190202,0.19192781491168587,835,557.4346153846154,1181,1,834,482.98862046817203,8.57931596684138,0.3453140108074572,0.0795785183681729,0.9781561985734492,0.006348674450053031,19.423619183699827,8.616481430997782,5.638231190363634,7.3433363073772355,8.506917178500403,3.3561847293991716,1.4182897474224019,626936,63.26245600439149,6999.624996811387,0.6305723361703787,0.9212902364097769,0.7799034406340807,1040.3251448278777,807.4280586166761,-0.8154696316892378,375.9559885501286,384.29107448054344,837,951,795987,673830.0,622468.0,0,255,232.0,255,26.0,243.0,-0.4980167392135467,-1.6159051316446384,0,255,236.0,255,25.0,243.0,-0.5321018479240955,-1.59883053072521,0,255,239.0,255,28.0,246.0,-0.5410308050518163,-1.5961303563377205,5.965220546545994,12.505883058682176,180.19441661099762,0.006218230106929432,1.809455444637004
Moscow_Uni_Front_2020-11-05_S2_RAW,2020-11-05,19.423948,SENTINEL2,Moscow_Uni_Front,201.52178287158125,211.70327383835448,210.07910127869806,60.678215144688565,58.339057053873894,54.898563008668546,0.9519067854631174,0.9923280706513978,0.9592662080372274,207.76805266287803,57.87375789702985,255.0,0.0766800352108125,0.10249869255238597,0.9258139733833466,0.9979313991410765,10.321864258259794,21.661443727075525,269.20154572777295,192932,0.19468258581161807,835,583.818493150685,1181,1,834,525.6261390859746,8.930678560627257,0.29313440273409425,0.08261872424860585,0.922719823494079,0.00683167143444659,19.679917821046853,8.734552188330431,6.02334311390959,7.826093402092031,9.017446616684376,3.586338698736839,1.1923688713872163,745062,75.18223869030321,9859.713667503454,0.4799374633063303,0.9524001270759331,0.8747296818621182,1050.5191587059585,921.6232966621706,-1.2191702191765705,404.6839124323256,440.16788883276047,837,995,832815,764897.0,738775.0,0,255,238.0,255,161.0,241.0,-1.4626394078426048,1.193875477592515,2,255,245.0,253,186.0,248.0,-1.678760509007315,2.110945431248103,4,255,240.0,251,189.0,244.0,-1.7509066109461167,2.4445160793568075,6.315487144986329,13.083226920432715,181.7410398219278,-0.016339524276619985,1.831792169695238
Larsen_C_South_2022-12-11_S2_RAW,2022-12-11,17.426774,SENTINEL2,Larsen_C_South,214.13417259904753,223.90728216584253,228.11166256982656,27.245952545217666,25.447678406662323,25.457174994906783,0.956351979835779,1.018777327665333,0.938725228629666,222.05103911157215,25.999650448972613,255.0,0.06406253146237646,0.02944749507040251,-2.493507686599228,0.9972590706124927,19.09440808959595,22.674203336750157,242.73957238159582,307190,0.2001868993220012,1157,724.0862068965517,1321,1,1156,961.649906257656,18.138802511016394,0.11342071381768846,0.02503301511432372,0.414186855619238,0.0006317490776270338,19.530345724645425,9.120911520038629,11.657866201545389,14.586008800697947,16.295249523546982,4.824853216836619,0.783645131530033,1241915,80.93203329258216,150950.07374490035,0.5223179638225615,0.8048684004439084,0.7836184177942752,1519.821970904492,1296.029417379618,1.349035337377114,584.0334260587538,624.1011048046737,1159,1324,1534516,1494002.0,1443179.0,15,255,223.0,240,201.0,231.0,-2.56159009738561,11.064150379987389,23,255,232.0,232,214.0,239.0,-3.129585067401933,15.41888950367552,33,255,237.0,222,218.0,243.0,-3.006145315106812,14.029958110554219,12.140488494734564,14.237540767086294,192.39982963725421,0.021736959436736557,1.8049648369385893
Dotson_Front_2020-11-05_S2_RAW,2020-11-05,3.390555,SENTINEL2,Dotson_Front,102.07506217889367,110.72032750576403,111.17905524390466,82.40843269543349,86.92137839653368,86.05913166297614,0.9219179935453814,1.004143121216981,0.9181141353906053,107.99148164285411,85.04072179841226,255.0,0.07821746617262762,0.08365099341494707,-0.3675170725951095,0.7152506217889367,20.434800891752385,27.54052946095223,284.05520785775275,152806,0.13870522665795254,901,848.2352941176471,1045,1,900,1087.6787775434984,17.533976783805056,0.34561851349966566,0.2823782139479738,0.9243680377372853,0.07973832562103837,20.279861300219668,7.995459391381129,11.727001341530917,15.150824944496556,17.292019551264854,3.7033332194411086,2.3960395095139586,674057,61.18557449666866,38494.71151916153,0.5836309646614957,0.8512603232507473,0.7101571944240149,1098.1468463736744,891.7161315846058,0.7027906776794556,424.3966829997039,740.9941477829874,903,1048,946344,789480.0,718719.0,0,255,106.0,255,0.0,168.0,0.12049559071701595,-1.2618115244360377,0,255,119.0,255,0.0,185.0,-0.01359354448577851,-1.3826020737538247,0,255,121.0,255,0.0,187.0,-0.06457120837461,-1.4069108204368643,12.423303953572894,16.717791547202946,218.78229920275646,0.025888214288913913,1.5454329810816076
Larsen_C_Central_2019-11-04_S2_RAW,2019-11-04,17.73301,SENTINEL2,Larsen_C_Central,152.16787645359602,156.76876297796588,155.7320894493128,112.75967538854262,116.12599240193921,115.3311045030076,0.9706517648218378,0.9933872443141106,0.9771131755284478,154.8895762936249,114.73630764444817,255.0,0.019164564516059152,0.015034553210076325,1.6831679993079276,0.637175024072291,1.0098983516403905,9.69965585612118,273.35937375956627,167159,0.1067347501717625,1172,720.0594594594595,1164,1,1171,107.94140475790202,0.947114685838052,0.7984223508124342,0.3616966726686868,0.9958751170312209,0.13082883103439386,22.00356295446825,5.909569433322639,0.5753920010934971,0.8635469598503052,1.1117878506780698,0.9776030232455732,0.8868483019696388,1011928,64.61386002058596,4284.694659665228,0.7126720289369677,0.9993679436837822,0.7392357570108204,1411.5111439358163,990.1713743662758,-0.5194029378562728,657.3062085444815,881.4119611276692,1174,1166,1368884,1012568.0,1011928.0,0,255,230.0,255,0.0,237.0,-0.6028697321393033,-1.6247554373909807,0,255,238.0,255,0.0,244.0,-0.6052311836013136,-1.6253017703548096,0,255,237.0,255,0.0,242.0,-0.60668780287158,-1.6255378764892952,0.5891511404072152,5.949887589375192,267.28470048080027,0.17573126342177928,1.3934308313074943
Thwaites_East_2019-11-03_S2_RAW,2019-11-03,2.685482,SENTINEL2,Thwaites_East,88.04844895830138,89.57890982172992,90.95280029105318,114.02561224251227,115.73764732471928,117.24903089086257,0.982914942070934,1.015337209081422,0.9680674885923847,89.5267196903615,115.6569210518559,255.0,0.013648856215738404,0.03449070843288229,-0.8269152005206356,0.3665593481110035,3.8979810448819054,15.709339452943702,285.0986671312232,58627,0.06424538763988305,761,1014.3898305084746,553,1,760,251.39322215278602,3.427518982273336,0.7282127031133774,0.6214097336400956,0.9905466711129192,0.3861505256831705,22.201821712392114,5.621892141805885,2.1706061616079606,3.0341866343486137,3.679605786867902,1.36255380519025,1.8292223352013373,342190,37.498301459210914,4729.796390217891,0.8028541930540098,0.9891513919923224,0.8080715053192118,883.5421533726911,526.7461242177949,0.2030362011100537,354.30654899324935,966.293091557322,763,555,423465,345943.0,343250.0,0,255,0.0,255,0.0,234.0,0.5458096073194932,-1.6724526805242326,0,255,0.0,255,0.0,238.0,0.537797858421001,-1.6846429812998795,0,255,0.0,255,0.0,242.0,0.5294880949555238,-1.6974034384728134,2.2703713603914815,9.177067678852358,180.31222920256963,-0.038619748846050864,1.1079361500322558
Ross_North_West_2020-11-03_S2_RAW,2020-11-03,12.045038,SENTINEL2,Ross_North_West,23.755754768460733,23.755754768460733,23.755754768460733,74.11735006959074,74.11735006959074,74.11735006959074,0.9999999999957906,0.9999999999957906,0.9999999999957906,23.755754768460733,74.11735006959074,255.0,0.0,0.0,0.0,0.002019657160060966,0.4630873108641414,10.638058456259893,285.0986671312232,582,0.0009126090583505297,150,2.5,553,63,87,114.80508102074292,0.45198850795568074,0.9982205452668174,0.9112488792444333,0.9893525525870223,0.8303745886175417,23.942588736334386,0.7359426102193362,0.2295981209280391,0.42508313895404454,0.6127344403059078,0.005690192661507175,0.06714621576941156,59411,9.315982262141462,1358.4507934888322,0.9771530704908117,0.9953925543678585,0.7076444804421363,625.669962882,132.97787038924474,-1.4881707388429741,55.940819040245074,239.38275740182794,151,556,83956,59686.0,59411.0,0,255,0.0,255,0.0,0.0,2.799459104626138,5.836971278474142,0,255,0.0,255,0.0,0.0,2.799459104626138,5.836971278474142,0,255,0.0,255,0.0,0.0,2.799459104626138,5.836971278474142,0.2368941065206893,5.725026889940078,180.31222920256963,-0.002955717436405694,0.0717272970125201
Crosson_Front_2022-11-20_S2_RAW,2022-11-20,26.374561,SENTINEL2,Crosson_Front,169.89907094181953,174.30191850318838,173.64046581890597,108.46127841590965,111.04978046954926,110.54926287859132,0.9747401084321068,0.9962051325076499,0.9784532087060498,172.61381842130467,110.00946592934042,255.0,0.020508529748189157,0.022984810199879104,1.279741652292514,0.6885798542508222,8.285972301714962,22.800135201862453,285.0986671312232,133313,0.1302645490237463,841,876.2708333333334,1032,1,840,556.8852858775234,7.247403991078144,0.4867773869358785,0.2851221352304158,0.9768435981548943,0.08129915284173252,20.69880652959443,7.506325183266918,4.851937609864593,6.570649533851987,7.806959063259607,2.591217959819772,1.8607827037198537,731893,71.51568982667612,6405.67568261897,0.5671244775209858,0.9924120902142269,0.8388410381602398,1097.2350524536341,903.7180043486524,0.9851160414628951,395.2154385955324,769.4300218747823,843,1035,872505,737489.0,736504.0,0,255,239.0,255,0.0,244.0,-0.8869214577523911,-1.1561657024389784,0,255,246.0,255,0.0,250.0,-0.8969865495064617,-1.1480866294913223,0,255,244.0,255,0.0,249.0,-0.8999802638828577,-1.1449821912954437,5.037343581334523,13.666365912990216,282.41857233546096,-0.04209811242687381,1.539597072243889
Ninnis_Front_2021-11-23_S2_RAW,2021-11-23,7.620386,SENTINEL2,Ninnis_Front,232.51826993938846,233.94699749833305,238.38066635082495,28.222306684668514,27.42661894480946,26.478794955075223,0.9938929433832373,1.0189515954459796,0.9754074166278807,234.9486445961821,27.333429488778645,255.0,0.02871615764060137,0.04007474464991908,-2.094183202134251,0.9811579108323683,7.5133447584523765,12.33111230534278,258.7573402072125,314709,0.197218712869798,1330,563.2970711297071,1195,1,1329,205.54642949014996,6.902176460173718,0.2423872322319316,0.06012707124338155,0.8664292297932527,0.003655340788204803,19.448357999067515,8.56216601928028,4.706588240011019,5.856327599706805,6.607233079175182,3.8168967839307664,0.8968952206422346,1574601,98.6755327948984,5894.160605055709,0.47088059458939097,0.9951688342343128,0.9722861425699489,1524.7056447078155,1345.0906755011556,-0.26511280724622527,649.8903295623882,584.0010028926621,1332,1198,1595736,1559044.0,1552614.0,2,255,238.0,253,232.0,243.0,-5.316231323040984,34.4262350032584,3,255,239.0,252,234.0,243.0,-5.630676982910319,38.03082907031303,7,255,243.0,248,239.0,247.0,-6.074983430001652,42.987712206544444,4.850264722446892,7.5809639474380885,218.21860853536555,0.11935002845880766,1.7615238050021174
Totten_Front_2021-11-13_S2_RAW,2021-11-13,15.199736,SENTINEL2,Totten_Front,148.36278068095777,150.42758524384644,153.24308429427902,103.67749615102626,103.97510862680525,105.05285679732452,0.9862737638203778,1.0187166406066197,0.9681531885377209,150.6778167396944,104.20736869924887,255.0,0.03626593025416518,0.06618999919649968,-1.637137026874071,0.7384885120961235,14.65678252956776,29.06292429692144,281.64893928435094,226766,0.14073830418430297,1188,1324.0,1351,1,1187,990.5803394859153,12.69858910347485,0.41750456979603673,0.26372913063812226,0.9541345969454763,0.06955453804239296,20.882127031019202,7.810175261425938,8.461974291050446,11.315073297491564,13.275344081748177,3.0694314221727628,2.0602342528599924,1012786,62.856770477762744,30043.282989457315,0.6402527728580761,0.9007072511781492,0.6454176736230344,1363.9881108751558,1047.7669680067238,0.9803964239181109,498.3598217951588,858.0867975630348,1190,1297,1543430,1105972.0,1044360.0,0,255,225.0,255,0.0,237.0,-0.5187196208950322,-1.5476210507663988,0,255,228.0,255,0.0,238.0,-0.5485810944690024,-1.514446363698005,0,255,231.0,255,0.0,241.0,-0.5671039329978286,-1.4898290323026233,8.901420869221432,17.502058268216402,267.4341040331244,-0.01988937987174163,1.5534572713555528
Ross_North_East_2020-11-03_S2_RAW,2020-11-03,12.045038,SENTINEL2,Ross_North_East,24.61741519956927,24.617420278960147,24.601352472478165,75.30884712048704,75.30886262548309,75.27568866565747,0.999999793662747,0.9993472993351928,1.0006529204851242,24.61206265033586,75.2942477070181,255.0,6.302428526494121e-05,0.006085388603010231,0.00020744590193051045,0.0030950421758756024,0.5941311529578699,11.819913907445947,285.0986671312232,725,0.0012275194625327196,181,67.0,453,1,180,145.93814540906442,0.582831863205318,0.9975429894113815,0.9075331606477685,0.9869777966343579,0.8236168485954606,23.94445178134238,0.7335620865524282,0.30210126737599896,0.5544694169621998,0.7972394756251256,0.00827481204299067,0.086500822713075,57018,9.653890305474567,1177.0731598529187,0.9390213407697487,0.9930854306365933,0.6870300751879699,474.74440401753253,163.24507368390732,-1.4118884527152573,76.2764039426146,301.0523518888772,182,456,82992,57415.0,57018.0,0,255,0.0,255,0.0,0.0,2.7322834605406916,5.465372918931756,0,255,0.0,255,0.0,0.0,2.732283456003934,5.4653728839527815,0,255,0.0,255,0.0,0.0,2.733498241786914,5.4726554688802445,0.3071983893936114,6.596601414606934,180.31222920256963,-0.002195186535552617,0.07189393671897909
Larsen_C_South_2019-11-14_S2_RAW,2019-11-14,22.649882,SENTINEL2,Larsen_C_South,231.65578201856482,232.89363095594962,236.00989562832842,33.29769108647464,31.984580195505732,30.535195258452337,0.994684917176982,1.013380635011298,0.9815511396322184,233.51976953428095,31.882339269116496,255.0,0.023274026630899888,0.03314001850202467,-1.3555500258780726,0.8506037082702298,11.520874952917419,23.980785757327165,261.6576696967072,256091,0.16688714878176572,1157,676.8901734104046,1321,1,1156,648.6326411336539,10.024798060452506,0.3366767298156736,0.2120825019224737,0.6862999774793349,0.04500859815067734,20.606302573580205,8.0148311043437,7.165853067078376,9.265261924184582,10.671524864489033,3.342223506770533,1.6313226071823288,1460686,95.18871096814891,31415.882881776066,0.49875373389519445,0.9608802764067388,0.9473091189665015,1515.6739948520708,1313.7009487518233,1.4224140911652337,571.2439516503504,679.1609130326809,1159,1324,1534516,1512843.0,1500225.0,1,255,243.0,254,222.0,255.0,-2.906467736918521,11.675235559802825,2,255,243.0,253,225.0,255.0,-3.136728833032162,13.555673860665614,6,255,246.0,249,230.0,255.0,-3.5676044691162536,16.869563844992896,7.300872020864811,14.687215425509157,238.53051283966914,0.0239604506125549,1.6440688072154321
Totten_Shelf_2024-01-02_S2_RAW,2024-01-02,28.204468,SENTINEL2,Totten_Shelf,80.8200408771005,85.61731388742459,89.17022383757673,92.03517340119164,93.90506674287198,94.81911139840308,0.9439684242286991,1.0414975638539605,0.906356824047266,85.20252620070059,93.54869304608158,255.0,0.3230865383724523,0.2666390501697798,-2.1962626552063718,0.9463338543159868,18.26760233536553,30.700421356042565,260.45606368658633,262702,0.16196826629920436,1195,646.7879858657244,1352,1,1194,1188.8010163520346,15.566510144353865,0.3828002821927678,0.13326842287674948,0.9320640709965433,0.017787213905833963,19.617683199388384,8.188534562588384,10.753633512218585,14.157346997670164,16.373503032762734,3.361973376724169,1.9872025575034484,600884,37.04735393218594,18428.053018901323,0.8569768259200254,0.7355901470172643,0.5687235841081995,1290.6323812538485,665.1337804824919,0.042374474848541295,595.5914985640876,1090.63369630974,1197,845,1011465,782017.0,592549.0,0,255,21.0,255,3.0,172.0,0.6768349504891641,-1.2220401796950227,0,255,24.0,255,6.0,181.0,0.6432538772756441,-1.300074504665005,0,255,27.0,255,8.0,188.0,0.6242386106610588,-1.3395442071613641,11.199122775728949,19.274828884048425,230.24992459885362,0.13923721577247303,1.7058066139235009
Shackleton_Front_2021-11-20_S2_RAW,2021-11-20,26.386077,SENTINEL2,Shackleton_Front,234.0135619172862,236.9709608045787,239.39239377421447,27.804862871961248,27.31272392567974,26.34629528946856,0.9875199945286541,1.0102182687756902,0.9775313167965599,236.79230549869308,27.132937063938865,255.0,0.03130074808205001,0.08200345406528815,-2.2736098775197067,0.9856570441504753,2.214768942711471,6.654959320395238,255.2173637858086,242734,0.22044722631409738,905,491.1190476190476,1211,1,904,48.95179985199058,1.9497157344772906,0.585861193067489,0.18023769263763634,0.9667901478090748,0.03251221149660146,20.464536308303167,8.294014135185458,1.2616318959314161,1.6556072186618158,1.925667277629271,1.974256963046824,0.9432940887794873,1087020,98.72145803552455,4410.173664916307,0.6645249758507087,0.995952129209355,0.9872145803552455,1388.8488444648476,1037.8395965441782,1.51923465004232,457.88984103328363,599.3720290335044,907,1214,1101098,1091438.0,1087607.0,0,255,238.0,255,237.0,240.0,-7.176588145766708,54.91923083133631,1,255,241.0,254,240.0,242.0,-7.42054697800007,58.0725710383543,5,255,243.0,250,242.0,245.0,-7.626678157050157,60.83498086773292,1.3410171084539126,3.71920299099256,158.18589626694848,0.12111491253307731,1.7721660775880617
Wilkins_South_2021-11-05_S2_RAW,2021-11-05,11.127485,SENTINEL2,Wilkins_South,11.528604057920107,11.827045511484412,11.700734633858245,51.15744007715782,52.471079833018216,51.90239599709678,0.9747661870944873,0.9893201664268183,0.9852889086520624,11.685461401087586,51.84306104153291,255.0,0.0012535942298654396,0.005899518307606892,0.11504885833981061,0.04904044747837122,0.4680663759722261,8.02551915797173,283.9202254937898,10814,0.009310126031935437,925,1157.6349206349207,172,284,641,67.50750228227969,0.4343323058872884,0.9688864940598346,0.9515070240221523,0.98717869775106,0.9053656425138645,23.754647099388652,2.22975822960714,0.25167266175154074,0.40041071408035234,0.5328555305792673,0.15381859338129916,0.6912168893388778,56237,4.841627128333208,1525.0376259469856,0.9733908966214652,0.9944123211854367,0.5018651388591419,614.633706787888,140.84390383211982,-0.14146863512680916,711.2247986201255,1194.4476945783026,644,174,112056,56553.0,56237.0,0,255,0.0,255,0.0,0.0,4.219550491418279,15.835154443901722,0,255,0.0,255,0.0,0.0,4.217032958781222,15.807680670246494,0,255,0.0,255,0.0,0.0,4.2150906449047305,15.786751979691946,0.2608526773354797,4.555882992865595,257.5950741419995,0.004458126225564381,0.38461677202329997
Shackleton_Front_2019-11-01_S2_RAW,2019-11-01,16.325118,SENTINEL2,Shackleton_Front,249.86931953377447,249.17257864422604,250.73215826384208,32.610294561776755,32.17485506903241,31.338721667419723,1.0027962181602776,1.0062590339113608,0.9965587233159805,249.92468548061413,32.03404968500847,255.0,0.02073394703927138,0.1161088138941574,-1.0220842186794221,0.9084668213001931,0.6878369191973578,5.1529757559685505,275.92453175138706,228281,0.20732123752835804,905,862.905138339921,1211,1,904,29.39859836785254,0.5975951800245173,0.8039731804685338,0.5102521132015032,0.9854300058192934,0.26037366569909776,22.705597503582787,5.844207450200333,0.48691763563940804,0.5909806327430791,0.6700980705106939,0.892133889920722,0.6026321678063157,1082263,98.28943472788072,4277.663996924429,0.6657260249011234,0.9942171202636882,0.9828943472788072,1385.725339644351,1034.023067066048,1.5013097089677085,459.7121226541053,597.0989057188502,907,1214,1101098,1088558.0,1082263.0,0,255,255.0,255,254.0,255.0,-7.436704758447013,53.47327862761176,0,255,254.0,255,252.0,255.0,-7.434723258010587,53.49361779518595,0,255,255.0,255,255.0,255.0,-7.461880014721102,53.81855742297489,0.4796666442399702,2.8228916973265936,174.9139470965334,0.19325671841183656,1.683120492943414
Ninnis_Front_2021-11-13_S2_RAW,2021-11-13,1.524633,SENTINEL2,Ninnis_Front,232.9275024189465,234.4839666461119,239.7999518717382,18.70200768504363,16.941099459133603,14.780271691923323,0.9933621720515596,1.0226709966636953,0.971340905620512,235.73714031226558,16.7713842021105,255.0,0.030608597773196,0.024278824559042424,-2.071661565147926,0.9777011986945209,7.522959672448539,10.10818948737092,211.4884420272444,310737,0.19472957932891155,1330,563.75,1195,1,1329,227.83245199563495,8.326677845295213,0.21033909939891038,0.053960638046260744,0.7253940774036391,0.002953008561600745,19.263813061809724,8.568760028052022,4.757030484916429,5.859014057544832,6.574737483368017,4.036522903928901,0.9155261521784825,1399388,87.69545839662702,41358.03864645861,0.33635604744688885,0.8708546933557274,0.8708132172239017,1464.0325355719494,1378.7305237423157,-0.003102255277286006,613.9435645673394,591.3565488475721,1332,1198,1595736,1595660.0,1440787.0,28,255,237.0,227,229.0,243.0,-2.4873478416915056,10.34571269323484,44,255,238.0,211,231.0,243.0,-2.4914674506168764,10.711692241944075,64,255,243.0,191,237.0,248.0,-2.7009253997050395,12.26039057254633,4.8918050250650555,6.339549113026515,132.13545238798625,0.1303761848161455,1.774572882302898
Pine_Island_Front_2020-11-01_S2_RAW,2020-11-01,14.660649,SENTINEL2,Pine_Island_Front,25.917739076828234,26.517631690807807,26.5074859490861,74.18702802352033,75.72616857100128,75.57627097775696,0.9773775946105602,0.9996173963821519,0.9777516859392706,26.314285572240713,75.15427900650391,255.0,0.0034865046223138585,0.017433076578212473,0.13011959333997214,0.10043575855048759,1.392596130661313,11.406115114317323,285.0986671312232,14193,0.01764039106409106,681,730.5570469798657,813,466,215,136.06867070822827,1.2509414562206989,0.9286241441429802,0.8894605640074369,0.9877848587682867,0.7911402184035957,23.519145535401343,3.028039274070807,0.7393805423394773,1.117815033447205,1.431930840177936,0.3622686588165433,1.1200497685314765,88675,11.021360372072674,1957.8904396893715,0.9740488196680905,0.993768981631944,0.5007849914159213,776.7679545409911,175.81211672173086,-1.43155121578063,610.0378347899633,905.4402142655765,217,816,177072,89231.0,88675.0,0,255,0.0,255,0.0,0.0,2.548683070934527,4.57615901710022,0,255,0.0,255,0.0,0.0,2.532475120152173,4.476244756216933,0,255,0.0,255,0.0,0.0,2.521659689526913,4.41155212706446,0.7850117740485685,6.495075075905689,285.0986671312232,-0.00075199179413055,0.5707351321671422
Ross_North_East_2021-11-03_S2_RAW,2021-11-03,16.972854,SENTINEL2,Ross_North_East,33.60468285976479,33.699591278347235,33.69004540975446,85.99081194602296,86.20243294087722,86.17545900413302,0.9971836922917476,0.9997167363659131,0.9974662382002993,33.664773182622156,86.12113452024761,255.0,0.00044081200306048547,0.005796188442308647,0.012573301466178475,0.01329784532238894,0.6008584403070669,10.80768493815267,285.0986671312232,1837,0.0031102803485139395,191,2.5,516,1,190,118.59565374356539,0.571024680790425,0.9899232107188124,0.8756050523873703,0.9918902613603633,0.7666844090998078,23.84596239218993,1.266340327131192,0.29424459864309305,0.5280870267534797,0.7470648889233222,0.04922140589043591,0.39282429330230717,78342,13.264321342584598,1369.9655121145938,0.953004038670753,0.9967429196671671,0.7861873795761078,593.9542035573951,179.94293500021476,-1.4843807683381234,76.81289729646933,235.61568507314084,192,519,99648,78598.0,78342.0,0,255,0.0,255,0.0,0.0,2.1711710077394657,2.721030482703858,0,255,0.0,255,0.0,0.0,2.1685427583743313,2.7062005876081923,0,255,0.0,255,0.0,0.0,2.1683682061590774,2.7053546374333113,0.3103045601352988,5.817635034015052,180.31222920256963,-0.002369094659396083,0.20068907168300706
Filchner_West_2024-11-15_S2_RAW,2024-11-15,17.6028,SENTINEL2,Filchner_West,102.40027802165642,103.54241019168862,104.23661837869476,119.02575430379477,120.21566575646084,120.93733010513083,0.9889694264599727,1.0067045782073285,0.9823829630536833,103.39310219734661,120.05245390330948,255.0,0.00824203586933779,0.01785684712928492,-0.46161759865612767,0.4168459174714662,2.9636575040931277,12.952072852333034,280.64236830687,84081,0.07689585162423178,1086,495.7279151943463,962,120,966,178.1789429361498,2.5926915096025294,0.7114489570790311,0.572046979746104,0.9937829417376977,0.3272393936357038,21.84015766754463,6.076135922446201,1.6131552263965674,2.303725451693787,2.8370323230413326,1.4296765124673558,1.774328426517013,467587,42.762931665203396,3520.2968234937803,0.8161237111295511,0.9978233359723606,0.5000475892565917,1115.8742022353574,644.8382883622144,0.7841648840105029,764.9801234850413,321.71681419714406,969,965,935085,468607.0,467661.0,0,255,0.0,255,0.0,243.0,0.3170474872630978,-1.8760472002176938,0,255,0.0,255,0.0,245.0,0.3116509044022327,-1.8839685125624104,0,255,0.0,255,0.0,246.0,0.3080767655389417,-1.889688142025659,1.7037860986857838,8.091484652340393,277.8744720592776,0.09755928484389903,1.1461515075652302
Totten_Shelf_2020-01-16_S2_RAW,2020-01-16,11.159758,SENTINEL2,Totten_Shelf,217.33252997191627,227.70403191249957,232.0595344449685,35.75129970754349,37.259385292232075,37.85489736527025,0.9544518300639304,1.0191279113320257,0.9365378177269493,225.69869877646164,36.914523699434184,255.0,0.06584117456736388,0.035521350255832286,-2.3142983258618415,0.9996904931455329,20.055489135922713,31.946572164703863,282.4526754854499,313912,0.19354166473995568,1195,703.3975609756097,1352,1,1194,1271.3959895275918,16.547867245413965,0.15490955826922226,0.03109938870099904,0.5332618727825399,0.0009739654098492286,19.482150641055284,9.134910847764248,11.816263255999495,15.541848458552689,17.876717916363127,4.447621782884705,0.7517489622604552,1594354,98.29950028823596,17648.51755933378,0.4706527918552664,0.9828143544593341,0.9828143544593341,1562.0244189364546,1378.2030547397273,-1.5099433759729988,599.9955384392441,681.1839615924359,1197,1355,1621935,1621935.0,1616946.0,0,255,228.0,255,211.0,236.0,-3.659309127634097,15.887110094558786,0,255,238.0,255,221.0,248.0,-3.67692869194428,16.030258029336665,0,255,244.0,255,226.0,253.0,-3.731759839631361,16.26274256710182,12.279683025907122,19.86946909812661,279.76105876265194,-0.032148269449252705,1.806984140441354
Larsen_C_North_2021-11-09_S2_RAW,2021-11-09,25.862775,SENTINEL2,Larsen_C_North,224.19105927829887,230.56222442680777,227.33903456689916,48.3816678721376,48.34942481078393,46.896823486162795,0.9723668299763968,0.9860203037682332,0.9861529486359609,227.36410609066849,47.83900588405727,255.0,0.03280021072557282,0.0366277456769802,1.8349176905621478,0.9804643658810326,9.087146231928354,16.146041130384244,285.0986671312232,288347,0.18059250741542407,1186,560.6555183946489,1341,1,1185,347.1313525951047,7.8864510930581835,0.3105300712741134,0.06015499853307917,0.9235070934650783,0.003695168905556139,18.031722858545777,8.362422256673606,4.531214981785262,6.478911994428708,7.86696039348487,3.599519383388894,1.3795282633124637,1486218,93.08223605098605,4452.7159082212875,0.6581274585089112,0.9790508901238387,0.8197536818226473,1408.5142078937627,1060.4795498094463,0.36908172886121693,632.3531237175926,469.0965886599773,1188,1131,1343628,1125012.0,1101444.0,0,255,240.0,255,227.0,247.0,-3.1249414393948456,9.667567950491668,0,255,247.0,255,234.0,253.0,-3.305113787050351,10.751538526556706,0,255,242.0,255,231.0,247.0,-3.364634115650027,11.161702647853552,5.082073109467972,9.21781026666703,180.31222920256963,0.040315597125114594,1.8006558745431256
Filchner_West_2016-12-20_S2_RAW,2016-12-20,3.6e-05,SENTINEL2,Filchner_West,199.01650753585017,201.9411106233538,205.15037221978343,80.59093437360647,79.41566142858137,77.50945288171346,0.985517544800192,1.0158920666843005,0.9701006407267988,202.03599679299577,79.13643737749662,255.0,0.12453596719797644,0.25233444248100045,-1.7997587975672282,0.9821041849575651,7.851967329962283,17.257179952193052,265.27451714110134,211789,0.19369055458004097,1086,537.7789473684211,1002,1,1085,353.8747756623648,6.951840531960685,0.346745196885049,0.08027962693071027,0.9718130504142543,0.00645653237260545,20.063859013754755,8.493366044932728,4.886423707235113,6.205980976845323,7.114196616465692,3.294056958526212,1.40697851336893,936176,85.61750073163594,3763.286542757264,0.8103936121204888,0.9146818757183803,0.5884687568741429,1290.2543208462923,755.9417100698147,-0.8448881730420564,721.3732228355099,620.4511126664228,1063,1005,1068315,687310.0,628670.0,0,255,235.0,255,215.0,240.0,-1.8995561275722095,1.8126066602452555,0,255,237.0,255,222.0,240.0,-1.9381260414350785,1.9168199800875554,0,255,239.0,255,225.0,242.0,-1.9366872608700303,1.9130493751899182,5.055664199402713,10.55548831739273,189.7747202459918,0.18914281704498923,1.775554766850988
Filchner_East_2018-12-16_S2_RAW,2018-12-16,10.812172,SENTINEL2,Filchner_East,158.06302539950374,162.33350108702552,163.66401572897874,116.11123059643194,119.04431543789349,119.9761049969023,0.9736931954339494,1.0081961802889912,0.9657775088517528,161.35351407183595,118.35292065821791,255.0,0.022824453045701264,0.02913198102780941,-0.12575926513701702,0.6409126414214227,5.10622504262897,16.36345451536719,285.0986671312232,145939,0.1342695032067943,1097,510.5,986,1,1096,294.8213727435545,4.555426539428322,0.5910168104700743,0.367548488995217,0.9894079013226555,0.13509726465476857,22.001529104038877,6.870474846861891,3.367313076906808,4.251166773961164,4.873641958953186,2.0131665436492536,1.935559546220084,708422,65.17755363594627,3930.8815639108802,0.7839138815933424,0.9983089588541505,0.6517755363594627,1289.3386194282878,800.5111176483498,0.6265124873089789,674.3406599456256,375.37489095482636,1099,989,1086911,709622.0,708994.0,0,255,235.0,255,0.0,250.0,-0.6115307445347761,-1.5992657815761173,0,255,246.0,255,0.0,255.0,-0.6215302120244733,-1.5993924279200207,0,255,250.0,255,0.0,255.0,-0.6237464154643434,-1.5996657173634599,3.3603679440422143,10.189269975808259,285.0986671312232,0.15573894563091517,1.4443626234897535
Mertz_Front_2018-12-18_S2_RAW,2018-12-18,11.501129,SENTINEL2,Mertz_Front,50.926648536727846,54.89463180284928,55.55163558116308,79.87289419039271,84.19806395904823,85.77579653274152,0.9277163697815667,1.0119684522262977,0.9167443587188423,53.79097197358012,83.23959645974426,255.0,0.426450608201965,0.44551161244216175,0.3092155948771811,0.8434473108958656,43.522610867030345,61.40633915260755,283.98063314247327,291465,0.17164062205555347,1350,427.0339805825243,1253,1,1349,4984.5941061580925,35.6948885052498,0.5074033602024388,0.32754921113591123,0.6392407729630473,0.10751216726810442,21.201007354049676,7.705433763425852,27.768985780096628,33.52286339307742,36.21071238461783,2.725955994011216,2.3202827380974047,395635,23.298522123393507,23829.72992700957,0.7059069181126055,0.6914943386393785,0.4623030327025101,753.1911350271065,533.4887544340619,0.8435292723877826,530.8802159829063,974.6400056522093,730,692,505160,337728.0,256535.0,0,255,0.0,255,0.0,99.0,1.2760490033628025,0.0803735461807773,0,255,2.0,255,1.0,107.0,1.24446204735121,-0.0470921407279592,0,255,2.0,255,1.0,107.0,1.2555580541603701,-0.03125103413324526,28.370421309706046,40.56673858942595,271.9916767517385,0.18911690628385727,1.6029345515102462
Ross_East_Front_2021-11-02_S2_RAW,2021-11-02,27.09217,SENTINEL2,Ross_East_Front,39.56537479896511,42.822900496468776,45.727625690511154,70.31353851361374,69.84253589538683,68.85321886632455,0.9239302882376059,1.0678311174689141,0.8652400863027689,42.70530032864834,69.65662670281672,255.0,0.45602337344545024,0.36056868073540543,-2.2493947086433845,0.9184375218516188,8.81303931528306,12.81671958582534,275.84076022227026,94226,0.16471925040206978,1133,254.69411764705882,501,1,1132,235.38957513097498,7.587098258889857,0.3425913967375336,0.1294708696088884,0.9754764689399361,0.016837207477816484,19.61249737780575,8.35474870027679,4.933677020302403,6.539956072000795,7.590609356728282,3.426917516290111,1.6554363018700022,52572,9.19026641493602,1321.9076836320746,0.9588157480003547,0.9373905898324462,0.5480054302422723,535.0116198231868,151.95871039603094,1.3911278660018374,62.41583932008309,317.51729329039387,190,504,95760,55982.0,52477.0,0,255,17.0,255,1.0,36.0,2.5473190686605967,5.041607685634943,0,255,22.0,255,4.0,41.0,2.481628857556041,4.8126045730454745,0,255,25.0,255,8.0,44.0,2.48128491392499,4.81777257305646,5.303211836205188,7.545806743634364,177.01255448256896,0.028390787334986713,1.738681070630676
Filchner_East_2016-12-20_S2_RAW,2016-12-20,3.6e-05,SENTINEL2,Filchner_East,141.40633317723345,143.91374914781431,145.80728412905933,111.97059258584588,113.34212117505052,114.30385760647862,0.9825769533103905,1.0131574293099601,0.969816659173026,143.70912215136906,113.18032871595734,255.0,0.047450566484060736,0.14349636126412438,-1.23838289934644,0.6582388070412389,6.335224112748232,19.612513520189655,274.972170309005,150251,0.13823670935338772,1097,473.1363636363636,986,1,1096,415.9579546386276,5.647621138818141,0.5674040723169718,0.34738211555584386,0.9836777964584922,0.12067571327637731,21.64172135529036,7.217340435225147,3.995333242273636,5.137801138749046,5.952982427928984,2.168975702359224,1.908417031010718,670374,61.67699103238443,2780.73629022557,0.8298596357934297,0.9884149282968118,0.6940764654858264,1005.2074151742056,560.87780092507,-1.5383995079234216,878.1899321398024,487.69886143751216,591,989,584499,410442.0,405687.0,0,255,218.0,255,0.0,239.0,-0.43692243737168285,-1.7664183020293636,0,255,226.0,255,0.0,240.0,-0.4501996729880305,-1.7667578689496124,0,255,230.0,255,0.0,241.0,-0.45237059523908124,-1.764615132464476,4.070045803643495,12.056604921227837,271.7574490443843,0.09740151459294787,1.468364923309273
Larsen_C_South_2024-11-10_S2_RAW,2024-11-10,14.597473,SENTINEL2,Larsen_C_South,225.00376209827724,227.52573189201024,233.23390958452046,21.136738258291047,19.50214027095995,17.83933643565506,0.9889156722061271,1.025088053315732,0.9647129034495853,228.58780119160267,19.463294807312405,255.0,0.03711028183555773,0.023156959997272776,-2.201727618608111,0.976791379171022,6.6405901519544335,7.9811994803457775,195.17901327300078,212677,0.13859549199878007,1157,627.5220883534137,1321,1,1156,143.58123931128912,6.737665420548745,0.2330207377061898,0.0494289931124799,0.8485139283137161,0.002572180807708845,15.89815225126359,7.466784817652208,3.2480591238329133,4.793790051637803,6.0366082365645255,4.039344726688552,0.8211173247602293,1043695,68.01460525664118,101714.96504585842,0.5413669065270458,0.6674777458914237,0.6666121435032284,1574.7570779362943,1324.0344300399074,-1.3051173397005427,558.3860959775233,674.4379823780191,1159,1324,1534516,1532526.0,1338925.0,18,255,226.0,237,215.0,238.0,-2.3901584459331855,13.604237205209806,27,255,229.0,228,219.0,239.0,-2.655658402915246,16.171271913056838,38,255,235.0,217,226.0,244.0,-3.18391003370162,20.531166781816218,3.656068266832636,4.586068573129574,124.45090509023139,-0.09289215670716586,1.7664926913813803
Filchner_West_2018-12-16_S2_RAW,2018-12-16,11.80812,SENTINEL2,Filchner_West,21.042151375475562,21.324717405618966,21.662005231196957,67.66882819675115,68.58068564353411,69.66219272179444,0.9867493657774044,1.015816754757441,0.9713852042226526,21.34295800409716,68.63665397937793,255.0,0.0025211120538823828,0.00838786760687436,-0.20230434236775086,0.08875567017851917,0.5338256554405606,9.872144969967753,285.0986671312232,15650,0.014312628036289143,1086,732.680412371134,490,699,387,103.56901200966418,0.5152454229456911,0.9619533580357986,0.9112078792551928,0.9889381060558083,0.830300224352586,23.686358647936785,2.6308810476830633,0.3026152977196267,0.5079884207882389,0.7018868810489739,0.17680964295901294,0.5744581983176065,96429,8.818865232660228,1476.6570337182418,0.7155291966456798,0.9949544976165419,0.5015290997035419,461.034632065332,322.0708774605804,0.9969579195497703,957.2272034346514,671.1150794885356,390,493,192270,96918.0,96429.0,0,255,0.0,255,0.0,0.0,2.9057745654073797,6.446612007431156,0,255,0.0,255,0.0,0.0,2.906280364900664,6.450826488848225,0,255,0.0,255,0.0,0.0,2.90577515557642,6.44662042658573,0.2911629685969621,5.947619812389533,283.23527714997334,0.017557672579181702,0.5573923083015092
Pine_Island_East_2021-11-02_S2_RAW,2021-11-02,5.355373,SENTINEL2,Pine_Island_East,55.59282746500973,56.94926128161677,56.30626121885395,102.92450820882466,105.34532993443456,104.19728027728581,0.9761817135783898,0.9887092466453247,0.9873294063839553,56.2827833218268,104.14329286702704,255.0,0.005664290977105584,0.01750701658494385,0.3754246664213629,0.16168580932655494,0.8208916336705123,10.479434203710833,285.0986671312232,22271,0.027955814975208687,676,132.0,377,1,675,121.0724811608326,0.7541106551876742,0.9197544895798107,0.7779036358821614,0.9943731739361393,0.6051344018374619,23.249508567124835,3.564766165416967,0.4422978263884919,0.7012496584634522,0.9359301760916823,0.38871579269079193,0.9400241522337113,180281,22.629887654553443,2078.6782822743016,0.8983287014128971,0.9811317674205978,0.7015862267572637,757.7715518374353,332.9072009878206,-0.219093208297198,285.7917806091601,142.29212174327856,678,379,256962,183748.0,180281.0,0,255,0.0,255,0.0,0.0,1.3170344967143053,-0.2523734883794795,0,255,0.0,255,0.0,0.0,1.3110889729010584,-0.27683291996585924,0,255,0.0,255,0.0,0.0,1.3133527096638988,-0.26835019361901713,0.4539097458751874,6.2014025252912655,180.31222920256963,0.018681687043081156,0.6913922122508868
Totten_Front_2019-01-21_S2_RAW,2019-01-21,22.732991,SENTINEL2,Totten_Front,161.6506733860457,166.6082525476956,170.1381093057607,97.13024404155777,99.92003872491966,101.86322493205265,0.9702440960400345,1.0211865661153399,0.9501144337712313,166.132345079834,99.62620145517579,255.0,0.03739385171405051,0.02753804293626809,-1.981422751737366,0.7385058898005288,2.3558789761958834,9.21466800757774,278.0177852024739,200725,0.12457641845512207,1188,1314.7272727272727,1351,1,1187,102.65168544178862,2.1327084380371084,0.5460638036170656,0.26347864178803165,0.9947928606490973,0.06942480684662462,18.50781624318856,7.682664084455015,1.149296028067344,1.761221067562008,2.2553565192149305,2.2786420539628796,1.446629763445154,1189234,73.80770328810993,4699.72409691675,0.7684053956297503,0.9994621279227884,0.7380770328810993,1608.969298022613,1029.6814557045407,1.1346876937763894,460.9559506371328,764.5599310144177,1190,1354,1611260,1189874.0,1189234.0,0,255,215.0,255,0.0,226.0,-1.0269342714259757,-0.8680220161708783,0,255,221.0,255,0.0,231.0,-1.0386945628012236,-0.8585045907881939,0,255,227.0,255,0.0,235.0,-1.0496293987237983,-0.8503565554516324,1.2865474501216765,5.643714853512129,260.35323227406946,0.1126322229584883,1.5360877373891206
Larsen_C_South_2024-12-17_S2_RAW,2024-12-17,12.33617,SENTINEL2,Larsen_C_South,236.1952980614083,241.4728650597322,244.5508264495124,11.735456407816363,10.27001156483693,9.420954672855595,0.9781442647929978,1.0127466139473584,0.9658331623347604,240.73966319021764,10.393201104005756,255.0,0.034625920275159566,0.016152833862089135,-2.1940611154749745,0.9873126119245417,9.281952515257673,8.691568677975877,227.60897878208195,353356,0.23027195545696494,1157,686.8387978142076,1321,1,1156,183.50842643033093,8.958439724464343,0.15044846463036846,0.04579889889109814,0.33635104890389805,0.002117920591597597,19.90920720279228,9.125239157103957,5.828855383320143,6.959195176945742,7.479812451967139,4.335753035449435,0.6813474539532306,1407502,91.72286245304709,69796.20511239911,0.5221135518848922,0.917799457749541,0.8996087365657967,1524.9633505345555,1300.6046135506638,1.332762583625314,596.7726322453899,655.1351465883935,1159,1324,1534516,1504102.0,1463117.0,21,255,237.0,234,231.0,243.0,-2.2920977866427186,18.515648535577547,31,255,242.0,224,237.0,247.0,-2.928713828590965,27.74121291775565,39,255,246.0,216,241.0,250.0,-3.5747058843249397,36.26988994329425,6.0999440820785455,5.500438134846468,158.52269378371176,0.06594372369937404,1.7758738001228895
Wilkins_North_2019-11-19_S2_RAW,2019-11-19,5.862924,SENTINEL2,Wilkins_North,192.43983972871465,193.8768173498636,198.28481507904488,83.3323808648713,81.72929426034943,80.6385975035247,0.9925881926426765,1.0227360743245775,0.9705223249289301,194.8671573858743,81.8780388456037,255.0,0.09010369220644562,0.1672478680596091,-2.0504626896319396,0.9967479113268876,17.784732744679857,39.663494953656155,260.43083961432495,237231,0.19981772805261291,941,654.6534954407294,1256,1,940,1741.9728883581818,15.390830710821072,0.3683336275048122,0.09311190276692176,0.8706308775503611,0.008681535331921725,19.940428069542982,8.613270851252864,9.816980985350181,13.553817896637902,16.124637096405454,3.2358426057984957,1.440664462828565,962330,81.05626761969177,3900.3981951089454,0.7683822143956873,0.9113623721639905,0.7092420777958214,1141.8428625263502,730.7694163809481,0.3848395818290545,419.5621932278694,935.4481332399058,943,877,827011,643598.0,586604.0,0,255,237.0,255,194.0,239.0,-1.4675098681053427,0.377953477970002,0,255,237.0,255,201.0,239.0,-1.4892534942777025,0.44000717857106286,2,255,240.0,253,208.0,242.0,-1.4939827286540979,0.45650960392227136,10.425255084195834,23.535605456221173,239.70612795207757,0.07892199437097024,1.7918128684172934
Ross_North_West_2021-11-03_S2_RAW,2021-11-03,16.972854,SENTINEL2,Ross_North_West,20.365073416419435,21.59856334635866,21.389136816092027,63.59673890376617,67.43446876865553,66.76785878350901,0.9428901862474354,0.9903036823789038,0.9521222661497329,21.117591192956706,65.9319242615947,250.33333333333334,0.005384022931675481,0.016979489257228114,0.23304183784550492,0.09413358589501546,0.6583942539358567,9.612731786414928,273.4712050655425,10148,0.015912640419486555,150,2.5,553,1,149,97.96893804242275,0.6306754423422748,0.9402161457898686,0.9066537153310922,0.9889796536793689,0.8220209914164266,23.270262429986264,3.4008448006875014,0.32249322636162164,0.5491905631015515,0.7542811046306452,0.299340351358971,0.9291362299749822,59411,9.315982262141462,1358.4507934888322,0.9771530704908117,0.9953925543678585,0.7076444804421363,625.669962882,132.97787038924474,-1.4881707388429741,55.940819040245074,239.38275740182794,151,556,83956,59686.0,59411.0,0,245,0.0,245,0.0,0.0,2.80865517282777,5.908548653263102,0,255,0.0,255,0.0,0.0,2.8065630317249446,5.8923731348282296,0,252,0.0,252,0.0,0.0,2.8046643754634233,5.877663370695581,0.34591578111767063,5.174527521316351,173.0061013696081,0.021932427677326644,0.5680457021866636
Moscow_Uni_Front_2023-12-13_S2_RAW,2023-12-13,24.645671,SENTINEL2,Moscow_Uni_Front,98.64052459717783,101.33192971197003,104.64324102328135,114.75012347362542,114.96883462105957,114.21564085690396,0.9734397132025443,1.0326778668936853,0.9426363674567163,101.53856511080971,114.62746347096608,255.0,0.41671487181333194,0.33347126555546325,-1.772929740873465,0.9259319803674643,4.123387144880691,18.441312502569197,271.4373520927271,156457,0.15787662662662663,835,598.8837209302326,1181,1,834,364.3407310167409,3.795990895237237,0.7245864247386636,0.19839296912968882,0.9863999175142477,0.03937008343520359,21.636962567406115,6.734876998047358,2.4221814169803952,3.3342817187720715,4.0768453074079485,1.3856227493820714,1.3535430381062954,409954,41.367375439956085,4547.209557759737,0.7083842540686819,0.9571106682508651,0.7136541719610334,887.6670127771359,626.5393412686764,-1.0587889701534055,283.2648268358124,328.5491326335052,720,787,566640,422506.0,407765.0,1,255,4.0,254,2.0,236.0,0.3909771409946162,-1.8087354514651377,2,255,7.0,253,4.0,236.0,0.38486345981802206,-1.8144104844301436,4,255,13.0,251,8.0,238.0,0.3819869139051793,-1.8165295143097575,2.5050739456838853,10.946599313562613,171.94516244689436,0.18182415299826615,1.7365429513404678
Pine_Island_East_2022-11-20_S2_RAW,2022-11-20,27.75009,SENTINEL2,Pine_Island_East,18.292342936044687,18.687202661143537,18.48566622732693,63.992774020458775,65.3748275532251,64.69574745440424,0.9788700463971651,0.9892152700663657,0.9895419895066908,18.48840394150505,64.68203970743372,254.33333333333334,0.001690526483016379,0.009176193103593789,0.18200362597601621,0.07638360635159731,0.5307126684259829,9.556580762356658,283.08621576395336,11995,0.015056800351471788,676,261.3968253968254,595,477,199,99.59818458983051,0.5096978115267867,0.9620779817760378,0.9243531827550652,0.9879644759518141,0.854428883111151,23.72732442101299,2.5653334668519445,0.29368288857301766,0.4763152732034765,0.6470740653670785,0.17584546339617158,0.6156699790430736,60182,7.554383982928512,1515.068109219035,0.9595319027053655,0.9898355263157895,0.5006905272966272,573.5751683134804,161.5187344924962,1.390381770310575,610.5575587384932,199.28368947525837,201,598,120198,60800.0,60182.0,0,253,0.0,253,0.0,0.0,3.212801810147625,8.323296844022666,0,255,0.0,255,0.0,0.0,3.212924801198968,8.324403659851173,0,255,0.0,255,0.0,0.0,3.215681530558624,8.344927771451786,0.29363329047860914,5.5549432324102685,281.7445651649735,0.000707311746334305,0.491514343403199
Filchner_East_2018-12-14_S2_RAW,2018-12-14,22.147569,SENTINEL2,Filchner_East,154.1941253699705,158.22482981587268,159.32234929998867,115.52861170714776,118.28776936302123,119.04978665562493,0.9745254619601096,1.0069364554557745,0.9678122752228628,157.24710149527735,117.60231988722587,255.0,0.028507583193573174,0.08297938842810569,-0.2217847176601134,0.6449801317679185,6.7919881444593075,21.844660130870906,285.0986671312232,145181,0.13357211400013433,1097,440.6115702479339,986,1,1096,518.5391665983285,6.150614556790768,0.572445023975694,0.36080330237144703,0.9811425953031002,0.1301845732653059,21.834088531627703,6.998740289434246,4.274301006614557,5.604235388883317,6.59736168380458,2.150476204322119,2.0028245165608953,698346,64.25052281189537,7471.109411633849,0.7994310725311682,0.9743460954079134,0.6425052281189536,1320.6794960051748,793.4085371157045,0.6062498223600871,665.9145137224241,370.56234874976013,1099,989,1086911,716733.0,704244.0,0,255,231.0,255,0.0,248.0,-0.5600301720819202,-1.6487332829046317,0,255,241.0,255,0.0,254.0,-0.5713306972570205,-1.6483816402732219,0,255,244.0,255,0.0,255.0,-0.5729785356863729,-1.6493437149543364,4.3356332342369726,13.090098833298397,285.0986671312232,0.13385698506661753,1.4532860384980197
Cook_Front_2018-12-26_S2_RAW,2018-12-26,0.062498,SENTINEL2,Cook_Front,240.68773903911648,243.6986676926548,245.9637023130392,7.447702497691445,6.518148825522319,5.681944445894774,0.9876448702730113,1.0092944070713594,0.9785498298147024,243.4500363482702,6.4938785468123825,255.0,0.021633259478576538,0.011098253610336124,-2.2545658628139345,0.9898556096303219,2.8452335539716134,4.569562209368139,123.8131432621127,307522,0.20648816622081842,1309,521.429292929293,1133,1,1308,94.40271540562757,4.461999777077178,0.279768394804212,0.056424760062138146,0.6417020054813278,0.003201586696442015,20.098406226834694,8.875390523863325,1.8999026796524856,2.192894541458957,2.3329021795662332,3.410185120709366,0.6880482114250455,1155590,77.59303724712885,26774.685517325142,0.6809804872273335,0.818221744554328,0.674258172989117,1490.635179839684,1091.5944688466611,0.9070506503684921,492.02296324327557,624.4831691845006,1311,1136,1489296,1227259.0,1082222.0,96,255,241.0,159,238.0,244.0,-2.721337826078615,24.659257865589197,112,255,244.0,143,241.0,247.0,-2.484288741567784,22.650151307916477,123,255,246.0,132,244.0,249.0,-2.7095493357910745,25.58068870605307,1.9455909903109279,3.312823952101823,110.55177268793315,0.3093022403430089,1.7716634226976609
Wilkins_North_2022-12-07_S2_RAW,2022-12-07,13.540238,SENTINEL2,Wilkins_North,126.29763223349677,132.34458579036874,132.38550853789093,84.55803256528681,86.98472672883088,85.56253714335156,0.9543090220060407,1.0003092136121607,0.9540140278817066,130.34257552058554,85.67047517446221,255.0,0.0960612620434273,0.17335518527634036,0.5934491668920522,0.810564360780535,5.759233631758508,8.536866382903852,233.61081714871187,178430,0.15029012741348188,941,967.6827586206897,1256,1,940,105.54845276483594,5.237633781628645,0.3702677984707025,0.17661434373595686,0.9927718237640129,0.031193493703685946,20.392285617783138,8.038042544074335,3.5549323772639583,4.440619689698237,5.030858773466133,3.173414829400718,1.7469044791327217,775991,65.36108628689975,7625.9397513308995,0.8188819737949392,0.8370346956713762,0.6513071947724001,1479.6666535188594,849.2723487109713,1.0421105516310036,371.4171425763266,781.6940495773715,943,1259,1187237,923804.0,774750.0,0,255,162.0,255,21.0,202.0,-0.508568592396982,-1.415157387772255,0,255,172.0,255,24.0,208.0,-0.5517365481028496,-1.390502678147307,0,255,170.0,255,29.0,207.0,-0.559770062631722,-1.3630733610672205,3.714479806014173,5.198970478293252,171.563075540423,-0.00527358979131319,1.6204508779580287
Ross_East_Front_2021-11-01_S2_RAW,2021-11-01,23.120002,SENTINEL2,Ross_East_Front,73.30803964757709,77.65718306412138,77.96801447451227,77.63764889505696,78.00416123154639,76.22134522933912,0.9439956067805393,1.004002609907107,0.9402322239647061,76.31107906207026,77.26383874729754,255.0,0.2536324341694992,0.32130295819896443,-0.3283239677362568,0.8966593245227606,17.775352113433218,23.14939707943343,282.52721107886225,93616,0.16365289140619538,1133,264.94392523364485,501,4,1129,799.0365000727223,15.28002923922864,0.2789342769301786,0.12257038903928395,0.9325829509225173,0.015104866125644866,19.744869239913292,8.472530540470844,9.938436783158688,13.439720652082748,15.779466172392949,3.870973378930915,1.6820812869037693,194594,34.01755122019439,1731.4854608429878,0.8351818869902102,0.7387222882633365,0.5412984913793103,404.9647437383961,222.72001184986772,0.3324806111394023,989.6634980673203,139.20428341545147,384,290,111360,81599.0,60401.0,0,255,46.0,255,7.0,115.0,1.0727272419834606,0.1884331193320512,0,255,52.0,255,11.0,121.0,0.9818884233143607,-0.032303292841037834,0,255,53.0,255,14.0,118.0,1.0334440095069397,0.14687030794478861,10.628508159285236,13.822133382043038,178.07621651666145,0.0038870238457163154,1.7044539686416853
Totten_Front_2020-11-11_S2_RAW,2020-11-11,27.871997,SENTINEL2,Totten_Front,171.8943795538895,175.42636570137657,175.63696796296065,108.01718830028337,109.87829401775761,109.70916663331644,0.9798662753260394,1.0012005165850753,0.978691340139974,174.31923773940895,109.18874940546425,255.0,0.02546243598374581,0.06559563294913663,0.4227500530069905,0.7388490994625324,5.29086520979535,16.52403830338767,282.8628446595432,265228,0.16460906371411194,1188,1323.952380952381,1351,1,1187,318.6369569883836,4.929190491938729,0.4396792595919116,0.26422823886557095,0.9865511158363992,0.06981774262911204,21.35913446619416,7.803144070770614,3.440971778444457,4.377652425583433,5.068511800571236,2.7197204195384903,1.6895006375238943,1145492,71.09293348063007,8257.328711723854,0.7907733702191665,0.9588132861126473,0.7080589104179338,1638.9156823747146,1003.1951051165521,1.1422256968482258,472.25407869628975,761.3863175988087,1190,1354,1611260,1189874.0,1143830.0,0,255,239.0,255,0.0,243.0,-0.9263725273585923,-1.113098368960359,0,255,243.0,255,0.0,248.0,-0.9330100917951043,-1.1003344698934163,0,255,242.0,255,0.0,248.0,-0.9358147689950425,-1.091679424347449,3.505979172887892,9.822248094380848,274.292017950051,-0.08155096149665733,1.5430559125761532
Wilkins_North_2021-11-22_S2_RAW,2021-11-22,16.183231,SENTINEL2,Wilkins_North,134.7884963153945,140.1544308339447,139.1980868183859,115.7730956260135,117.91814712906361,113.45711727001549,0.96171412857433,0.993176498167288,0.9683214719118842,138.0470046559083,115.696192378659,255.0,0.17689081584192098,0.2579801739653097,0.5065620459408441,0.8277210026304773,9.033163898496092,30.512029985453964,282.7518788620157,184903,0.1557422822907305,941,964.2756756756756,1256,1,940,948.0494263634436,7.866304115988292,0.4791876082354614,0.17448565923624146,0.9645032653794988,0.030449018887747117,20.85464317570965,7.829205851068793,5.183594662069727,7.232715331944991,8.711771704660334,2.5476140756542316,1.520450900822749,655165,55.1840112799719,3915.7890680742057,0.790581673212376,0.8513432339269377,0.727231342871202,1137.6559481209579,696.6511398956272,0.21527981280546543,438.9992998491148,959.1523000047039,943,806,760058,649254.0,553045.0,0,255,231.0,255,6.0,241.0,-0.20370673499618375,-1.9315457309369686,0,255,239.0,255,11.0,248.0,-0.20932532000002746,-1.9276472154398236,0,255,233.0,255,19.0,243.0,-0.21529141804293647,-1.9155633945704784,5.375603599411797,18.001511229619325,265.58389551242664,0.10110270362615578,1.633414166850291
Shackleton_Front_2023-12-07_S2_RAW,2023-12-07,0.162521,SENTINEL2,Shackleton_Front,188.7392530001871,191.41253457912012,192.9201851243032,95.61416941996102,96.9267990040436,97.69465860103942,0.9860339262268814,1.0078764462755658,0.9783281769011363,191.02399090120346,96.73646498804956,247.66666666666666,0.017285102274198622,0.014580162250779863,-2.0202359500870695,0.7942798915264582,1.3119655833165034,9.47534151641139,271.1263799206726,216767,0.19686440262356303,905,577.5356415478615,1211,1,904,105.96577009979968,1.3111789053259317,0.6453697098031238,0.2595550876669871,0.9946275903482866,0.06737241031360433,21.52918541310583,7.6936495367954585,0.9070631886246212,1.1620288555061753,1.3725085096461227,1.592474045679369,0.8381442728051084,876408,79.59400525657117,3941.006276123159,0.7825002986466265,0.9990196838366383,0.7959400525657117,1390.8132937466546,865.9901878640251,1.188013103557911,524.4420349882703,524.0967026772919,907,1214,1101098,877268.0,876408.0,0,246,237.0,246,234.0,238.0,-1.4660673295767412,0.15162671375865067,0,248,240.0,248,238.0,241.0,-1.4679549883075167,0.15607710691354315,0,250,242.0,250,240.0,243.0,-1.4676965563522213,0.15558646930141595,0.9074926225740221,5.67136206407051,222.1160857649791,0.04422951566035571,1.6027561303765245
Ross_North_West_2018-12-16_S2_RAW,2018-12-16,3.937817,SENTINEL2,Ross_North_West,23.478331023062978,23.508295020478823,23.51044796246699,73.628905806025,73.71653374097399,73.72232415532379,0.9987253861885937,1.0000915822217769,0.9986339290703798,23.4990246686696,73.68871786943235,255.0,0.00014405167887030607,0.002717072938399563,0.004400169778692557,0.009745473020014677,0.5315804156931384,10.75308439892913,285.0986671312232,1531,0.0024006949627743317,150,2.5,553,1,149,117.61304165421545,0.5048872210101523,0.9940425601097805,0.9114666846709425,0.9889718788368121,0.8307716112618136,23.91723953008474,0.9546431863472986,0.26804761673141436,0.4809891787119971,0.681769484948871,0.026939304836229038,0.2568704381142921,58877,9.2322480289526,1343.8061325481597,0.9764544969140113,0.9954014438113916,0.7012840059078564,617.6599643976821,133.24375072487712,-1.4853564951187352,55.958863393175605,236.6207687212324,151,556,83956,59149.0,58877.0,0,255,0.0,255,0.0,0.0,2.8181048286744974,5.94452080147766,0,255,0.0,255,0.0,0.0,2.8173087433932813,5.938577641079741,0,255,0.0,255,0.0,0.0,2.8171910634743775,5.937712041843831,0.2761119782689529,5.889700852398513,285.0986671312232,-0.00033061380720415855,0.17428684494114455
Larsen_C_Central_2018-12-19_S2_RAW,2018-12-19,0.119164,SENTINEL2,Larsen_C_Central,146.15217263599885,152.0254463909442,153.82787481897893,109.27913299008755,113.58535111927378,114.93004404094899,0.9613665087360577,1.0118560969280002,0.9501020072460361,150.66849794864072,112.59278915020664,255.0,0.033242205894427605,0.03536397842509147,-1.5549984094082463,0.6472579298085199,8.31213728997226,18.109678063453007,280.9619636178534,211619,0.13512345190266878,1172,787.0485714285714,1164,1,1171,381.45446643142674,7.300738672018313,0.44054747874845684,0.35351642220815216,0.9848628715020508,0.12497462256485932,21.58007005866743,7.47638001923779,5.475938410769046,6.775467365465296,7.606166200826915,2.872911507824975,2.142979150623327,1009987,64.48992284096452,4567.163743117289,0.7108856650201281,0.9987199689785372,0.755032583350409,1406.6413911805414,989.3015719428114,-0.5110785711510971,656.4096466092655,882.640534696752,1174,1139,1337186,1010913.0,1010090.0,0,255,222.0,255,0.0,232.0,-0.5695029746387168,-1.644218512579145,0,255,232.0,255,0.0,241.0,-0.5735298200479174,-1.6444458213402084,0,255,235.0,255,0.0,244.0,-0.5732050350162261,-1.6447701049568026,5.52103706187888,11.417143218651518,264.08232091948565,0.009283432948978012,1.4534149913672232
Larsen_B_Remnant_2020-11-04_S2_RAW,2020-11-04,3.633368,SENTINEL2,Larsen_B_Remnant,114.34771329746349,120.97274464269165,124.92691110493293,108.64588602766887,113.01956563971056,112.4659004077899,0.9452353390435956,1.0326864243166272,0.9153169023872292,120.08245634836267,111.32975113295123,255.0,0.3658391813563898,0.43125582144316454,-1.3215352908821345,0.9059445543798823,25.41152361864185,48.70759152202628,285.0986671312232,221904,0.15120938067280487,1126,567.6642066420665,1298,1,1125,2824.1802328973067,22.020733488388462,0.4182833810403299,0.14242394932975355,0.8858797483306118,0.02038274053764633,20.226572167617928,8.031822875306746,14.192945330060027,19.92962866789892,24.05786066057806,3.116535619485415,1.9999421463289009,778223,53.02951630224432,35196.54586347194,0.8353669910625461,0.8059339490498341,0.635055151051553,1254.2435402352269,689.4484334489312,0.2959750884885962,470.3072347496993,1002.7643506272619,1128,751,847128,667515.0,599276.0,0,255,126.0,255,0.0,229.0,0.025112544193123268,-1.864041425688653,0,255,139.0,255,2.0,238.0,0.0002562379566264872,-1.8805059524948178,0,255,142.0,255,8.0,242.0,-0.0028239668933758943,-1.8823025373967226,14.899207885097669,29.070451199751673,256.1172149188293,0.1364397745381783,1.6841438819090304
Ross_East_Front_2018-12-16_S2_RAW,2018-12-16,18.856424,SENTINEL2,Ross_East_Front,0.2460824417872876,0.2709618208516887,0.2779403538214111,6.168438763169077,6.684052435907217,6.890071338705601,0.9081812372052336,1.025754672171939,0.8853786012551044,0.26499487215346246,6.578023175898165,254.66666666666666,0.0014974807073414227,0.03215237595582835,-0.0009247812099614554,0.010542969023145235,0.5078352233286351,7.782221831514681,264.11689857165726,2947,0.005151737640724425,1104,451.0,490,626,478,53.400928985154245,0.3680042876898207,0.9947758752195185,0.9943671158125635,0.3842991716565134,0.9887663751550951,23.947187259632194,1.0829387013396878,0.2996403382091553,0.4654472396411959,0.6035086851654069,0.02510137511712256,0.21375836895367298,295,0.05156982029228725,48.077164466275356,0.7658255763731348,0.8309859154929577,0.5784313725490197,15.943765966051522,10.252612473311716,-1.2953137069393592,771.0593220338983,351.6864406779661,12,17,204,142.0,118.0,0,254,0.0,254,0.0,0.0,29.445944507523127,928.3535235904989,0,255,0.0,255,0.0,0.0,28.900330724565784,890.5429970190168,0,255,0.0,255,0.0,0.0,28.942624650236205,891.3256478695239,0.29322566885653534,4.866989160949812,172.31447350056752,0.0031622259496598883,0.16781529119886263
Ross_North_West_2023-11-13_S2_RAW,2023-11-13,15.550423,SENTINEL2,Ross_North_West,23.29562104457672,23.5036473001198,23.507023326412977,72.8252699928146,73.427131475323,73.41074710630595,0.9911491925918607,1.0001436383957798,0.9910068459540847,23.435430557036497,73.21819242782047,255.0,0.001054115566189985,0.008495392692664588,0.12879972433394954,0.07311221641692749,0.7443359816648828,10.795481417722355,285.0986671312232,9519,0.014926332691475416,150,2.5,553,1,149,117.3536423715322,0.6801043456591507,0.9740639441141573,0.9079913605251155,0.9888677973532215,0.8244483672053806,23.824515627254083,1.8585458453066035,0.38071115904989977,0.6315658893388351,0.856552796931683,0.12355719442513054,0.5212590574991415,59396,9.31363017693953,1367.5218613006978,0.9771694414029836,0.9951412391515598,0.7074658154271285,625.7456526378949,132.9468508564811,-1.4881901213854964,55.92603879049094,239.3896390329315,151,556,83956,59686.0,59396.0,0,255,0.0,255,0.0,0.0,2.8151609156433772,5.946355855899277,0,255,0.0,255,0.0,0.0,2.810313330360942,5.913632156065571,0,255,0.0,255,0.0,0.0,2.8076291831740323,5.895787194022613,0.402482218306211,5.840644621705804,180.31222920256963,0.00879326324597871,0.4802002890004736
Fimbul_Front_2018-12-20_S2_RAW,2018-12-20,0.002913,SENTINEL2,Fimbul_Front,8.177703129583248,8.29228716803177,8.269255285543446,44.60298021345932,45.22535004740077,45.13711328186641,0.9861818535435095,0.9972224933698826,0.988928609300629,8.246415194386156,44.979396650636225,255.0,0.0005527876437459305,0.007861792191553644,0.06350611563973566,0.025951059365057875,0.3794924979178453,9.213399889030248,285.0986671312232,3497,0.004931575622193642,660,1.0,138,327,333,88.86994229447596,0.37308622354441345,0.9935089426987309,0.9671476596880773,0.9776390421129681,0.9353747273038575,23.921615165053364,1.2294728817353822,0.19507376093748185,0.3521264145930249,0.5039124653001134,0.028329508155889947,0.16728911907538066,23064,3.252555337439924,859.7888886054567,0.9387820671593734,0.9836233367451381,0.49176972281449893,321.29035852967104,110.68824981396736,-0.24568141069703664,440.8377558099202,46.39754595907041,335,140,46900,23448.0,23064.0,0,255,0.0,255,0.0,0.0,5.271528310728047,25.792706971518317,0,255,0.0,255,0.0,0.0,5.270555728243081,25.778786539700274,0,255,0.0,255,0.0,0.0,5.278931580818123,25.876590665198307,0.19825958539911787,5.18106849153811,277.91230631262084,0.009356526947627867,0.2786479530785843
Filchner_West_2018-12-14_S2_RAW,2018-12-14,23.155488,SENTINEL2,Filchner_West,96.02278405765291,98.1466308165057,98.72923983026047,115.42964852330323,117.75982530689443,118.21087778362707,0.978360472068355,1.0059361081354226,0.9725870899304211,97.63288490147305,117.12512286819288,255.0,0.024817340090175558,0.10237552054821228,-0.30941995581115306,0.42546367427568044,2.4500981643491437,14.048786142500669,270.6769548537313,80687,0.07379188615744806,1086,520.1979695431472,962,120,966,215.68555141157026,2.2864021599316593,0.7574739969153521,0.5729569161698457,0.9920945869814486,0.3282810476142292,22.30259730757975,5.774255300500412,1.5048145777758102,2.0994649203564877,2.603665665852841,1.1943432051276774,1.5658089236492427,447266,40.90448492829968,2741.998266896446,0.7882941159583282,0.9597193684438197,0.5829729929464703,907.0818699189169,558.1262190816406,1.3355036791941008,865.9792242401707,384.3760877342731,631,965,608915,369880.0,354981.0,0,255,0.0,255,0.0,237.0,0.37929653088207416,-1.8441043502009113,0,255,0.0,255,0.0,241.0,0.3753382679555024,-1.8512003613627042,0,255,0.0,255,0.0,241.0,0.37404837705541744,-1.8523815152683571,1.5123746063887635,8.622651918533457,270.8624086957148,0.08201892791009001,1.1753900800648682
Wilkins_North_2020-11-13_S2_RAW,2020-11-13,0.613558,SENTINEL2,Wilkins_North,240.3222953799452,246.0392735401609,244.91434818827244,8.122626878294955,7.137673788387491,6.458254392343338,0.9767639609804806,0.9954278626505358,0.9812503724571688,243.7586390361261,7.168777838277592,255.0,0.024145638603753725,0.010265246653112323,2.165565780736342,0.9991341240207305,3.7865720947836246,6.430490063075074,241.65083281462122,243221,0.20486305598629423,941,601.7119565217391,1256,1,940,63.46888848762699,3.7517220777486977,0.2988082284211672,0.06890980129089612,0.4837360213362734,0.004755793506711261,20.666339576680983,8.676859896672793,2.6722582492975677,3.134338881107766,3.4027059923035528,3.315528684735485,0.5500709593203127,918825,77.39187710625596,33713.54323302463,0.6198759615761719,0.814525812504882,0.7553462366823136,1314.1344284436068,1031.201036687598,-1.3572320849590014,473.58838058598866,725.3724713556912,943,1259,1187237,1100978.0,938021.0,22,255,242.0,233,237.0,245.0,-5.525284910824462,84.35444038973769,22,255,247.0,233,243.0,250.0,-7.075672901981077,126.45620722494365,22,255,246.0,233,243.0,248.0,-7.902815596625442,154.39302549267106,2.6749693740612335,4.281804460677311,157.93476149628646,0.03030200503369887,1.7808700634665857
Larsen_C_South_2019-01-05_S2_RAW,2019-01-05,10.554127,SENTINEL2,Larsen_C_South,200.99802934606092,207.8915768880872,210.83513368384558,78.27628567325579,78.09702858582672,77.11680995479225,0.9668406597067956,1.0141590960043636,0.9533421960277689,206.57491330599794,77.69969961225691,255.0,0.04928876339747747,0.0617071294225114,-0.17093316070763154,0.8465965815931538,3.9038658643822446,10.039634502048882,285.0986671312232,248755,0.1621064882998939,1157,885.2392344497607,1321,1,1156,124.29315260554984,3.4722387844566853,0.5132204788236245,0.24347482071640889,0.9896134118745623,0.059305118005434664,21.269341603476274,7.184855625975699,2.427807766892114,3.188584838880967,3.7491562375792578,2.3595874626241904,1.4954389298210025,1375029,89.60669031798952,5745.229760295271,0.5840765786837436,0.9969808431452306,0.8960669031798951,1505.4200127643003,1221.9472546336328,1.0218095771035185,540.1602133482276,719.4967546139027,1159,1324,1534516,1379193.0,1378382.0,0,255,243.0,255,172.0,254.0,-1.6505696297874908,1.599596153010693,0,255,253.0,255,186.0,255.0,-1.8454169347799207,2.2296884322897563,0,255,254.0,255,195.0,255.0,-2.000945412555733,2.772942623534024,2.46747348602509,6.246300864707973,282.4160150479352,0.12334131941871283,1.6432574958568977
McMurdo_Sound_2024-11-02_S2_RAW,2024-11-02,0.37151,SENTINEL2,McMurdo_Sound,2.2926085267049676,2.6063040861505278,2.78740195352499,18.712184033910713,20.93279934646341,21.886477702420617,0.8796396931576592,1.0694845502602088,0.8224893879131611,2.562104855460162,20.49020008596446,236.0,0.007824241885885543,0.059625667544218754,-0.06489172542052885,0.025317096571268728,0.5817321043606754,6.915036024110327,243.92977700787392,3473,0.004395874232177597,191,3.5,213,14,177,59.35533165752543,0.5725014952920525,0.9797407912255981,0.9749058676682475,0.9390325072417757,0.9504416242340968,23.879479886945152,1.5700523562484634,0.3238594730809951,0.4718802108629405,0.594529086371296,0.10932220410700826,0.6949339597161975,10328,1.3072441425260646,634.4467888754756,0.9807803298677613,0.7577328494902368,0.2826206052012504,260.43629311323355,50.815081602715274,1.0528839976077589,90.04321550741163,97.06453819840365,143,217,31031,11574.0,8770.0,0,229,0.0,229,0.0,0.0,8.840599726436771,78.9735180028525,0,237,0.0,237,0.0,0.0,8.714183238621946,76.27542040068742,0,245,0.0,245,0.0,0.0,8.66243589985543,75.7477409850273,0.33807982261416974,4.112772474495211,157.36343285528565,0.0008928237689987372,0.27952574653056184
Thwaites_Front_2023-11-05_S2_RAW,2023-11-05,20.013414,SENTINEL2,Thwaites_Front,138.52655705195258,140.42264099546722,142.3897413267085,119.52424788277919,120.92861031922892,122.39044880503505,0.9864973060599644,1.014008427111148,0.9728689423910867,140.4463131247094,120.9236180736437,255.0,0.016594904995025465,0.03187750749485829,-0.844134128409942,0.47383520746164576,3.9102033432012204,15.859971368553023,285.0986671312232,73605,0.08020070606694561,766,304.5213675213675,791,1,765,251.94707469142202,3.422009338488456,0.6986582752998093,0.44267997460375014,0.9913310836717666,0.19597345642102015,22.051469883193864,5.947639136889375,2.2480137973801493,3.121758783643056,3.792704472460678,1.4748249524760721,1.6711630330112501,529481,57.69275191771269,3052.7188668141175,0.534892213393007,0.9991357495862732,0.8693926676124422,917.48874925968,775.2048729085341,0.5279644837088961,402.65265042560543,346.8557058704656,768,793,609024,529939.0,529539.0,0,255,226.0,255,0.0,245.0,-0.275812860035463,-1.8931135955499054,0,255,231.0,255,0.0,249.0,-0.28384279521902334,-1.8945052673784162,0,255,236.0,255,0.0,254.0,-0.29239418278929696,-1.8964578333194815,2.3197061877907674,9.286554830910404,285.0986671312232,0.011808290074754315,1.2570278141921798
Fimbul_Front_2020-11-06_S2_RAW,2020-11-06,5.459594,SENTINEL2,Fimbul_Front,151.18413095963356,155.04526980527538,151.63704477763488,118.87098598440124,121.90631224495495,119.22655085024516,0.9750967001406196,0.9780178716060235,0.9970131716905642,152.62214851418125,120.00057912920039,255.0,0.015570151155020953,0.012547445030122098,1.3604352067692207,0.6183084568695142,1.7834572794164678,15.167545145640752,280.606312790318,87087,0.12281273268801192,1120,255.89634146341464,565,308,812,227.80162744248548,1.6993282997555186,0.6999953975238179,0.4000649101783404,0.9920353679950517,0.16005797643829048,22.152938073963764,6.732187749605419,1.0612563935411476,1.5288296230743998,1.9463006244439824,1.357838406537489,1.0843317003209894,438222,61.7993975495837,2719.338095116624,0.7298871161279045,0.9985007291286913,0.9494819494819495,924.7848121061296,632.1530251306875,0.026728824456271,725.9423579829402,274.65056295667495,814,567,461538,438880.0,438222.0,0,255,243.0,255,0.0,245.0,-0.48531357066394687,-1.7639459276565101,0,255,250.0,255,0.0,251.0,-0.4853424252478936,-1.7639593109066551,0,255,244.0,255,0.0,246.0,-0.485341818351545,-1.7639571920687402,1.074060485595409,7.771015175247757,177.6048203800286,0.13528947753373646,1.4345570678192179
Totten_Shelf_2023-11-13_S2_RAW,2023-11-13,0.276167,SENTINEL2,Totten_Shelf,221.01548644057868,226.98035679604916,227.00575177180343,46.16176685216761,45.037925155311285,43.047563393999226,0.9737207640354204,1.0001118818210206,0.9736118345699726,225.00053166947717,44.72269108931226,255.0,0.043068054954514455,0.07517355368521188,1.2546379628564754,0.9997071399285421,20.696113822369437,36.80685828700239,277.2031946264529,305511,0.18836204903402418,1195,690.4985915492957,1352,1,1194,1623.177945956157,17.570890189565297,0.16333677865791443,0.04153917909882443,0.5943498581168294,0.001733559959918465,19.591555765181713,9.046654376613619,12.042666737911697,16.218524865841776,19.01778474643912,4.3369582824934545,0.7119696569360155,1547582,95.4157842330303,39209.149073321016,0.4775441558576588,0.9540166529484844,0.9540166529484844,1565.1826584486112,1375.1816146322187,-1.476583073257448,602.9212222421128,678.2736822173092,1197,1355,1621935,1621935.0,1608369.0,0,255,236.0,255,227.0,241.0,-3.248902373601005,9.949758413462039,0,255,241.0,255,233.0,246.0,-3.3257544313698757,10.435024346652641,0,255,240.0,255,232.0,245.0,-3.3154750364820735,10.386623897958952,12.551233544851433,22.327548045764605,279.50949099369694,-0.05553653781303244,1.7981196972868054
Larsen_C_South_2019-11-21_S2_RAW,2019-11-21,16.964851,SENTINEL2,Larsen_C_South,137.59046109652814,139.61471108805642,142.4169321140998,98.44736865934266,99.80950389299544,100.69296112042315,0.985501169784679,1.020071101419778,0.9661102725215184,139.8740347662282,99.5974120045192,255.0,0.08423511547421617,0.1402732787212054,-1.155051429697872,0.7728313031600843,14.461855510021365,29.589464750146952,285.0986671312232,196937,0.1283381861121031,1157,946.987012987013,1321,1,1156,1012.3271829631931,12.53366336943786,0.37469598744610094,0.19195668044179873,0.9487259170262893,0.036910187255364026,18.508257326740157,7.645247787594584,7.540690979766525,10.857160544899996,13.26658232931614,3.366359242572253,1.9615664627490896,867933,56.56070057268872,25878.22357654802,0.8407356189361801,0.9131728322140616,0.7294677058113492,1489.373830808402,806.4152943271351,1.3204297041470185,344.06071167246137,736.5111418514675,866,1324,1146584,915923.0,872076.0,0,255,164.0,255,34.0,235.0,-0.18423778972164492,-1.6023112006578342,0,255,172.0,255,32.0,239.0,-0.21493532302071028,-1.6249382120718456,0,255,180.0,255,34.0,243.0,-0.24262355848581438,-1.6418512825236375,8.172720529315459,17.62744609006291,264.3066400982011,-0.03057783792493902,1.5719693289544288
Ninnis_Front_2018-12-19_S2_RAW,2018-12-19,13.452038,SENTINEL2,Ninnis_Front,191.8765842219515,197.41722314969394,199.62346967167502,58.08653548844186,58.51973430430345,58.27711231278087,0.971934369051284,1.0111755523995345,0.9611925117694773,196.3057590144402,58.22092798836963,255.0,0.06496067066680204,0.11455193557453613,-1.052158011102951,0.9832108820005314,21.90488163829294,36.71963010063,278.72768969013464,255831,0.1603216321496789,1330,559.4823008849557,1195,1,1329,1701.128999935598,18.892546525931,0.18366048396144694,0.03431890045519879,0.748845877610005,0.0012213127390647506,17.7997782841272,8.534503945747346,11.784697471217047,16.457030436427452,19.75541465916436,4.398979223686415,0.9834559047136795,1428796,89.53836975539814,49416.97370609312,0.4325621954893026,0.8911317410900048,0.8911317410900048,1531.4592503610315,1380.7699339248882,0.08981815553792016,690.0789621177332,589.5994299622155,1332,1198,1595736,1595736.0,1526626.0,0,255,209.0,255,176.0,229.0,-1.7895371434349412,2.959208679561483,0,255,215.0,255,182.0,236.0,-1.838071767380017,3.100357532497693,0,255,217.0,255,184.0,238.0,-1.8556921080852515,3.1478709510309084,12.64679995059471,21.85820648218048,234.17781705362273,0.14410923734037748,1.7727859946699995
George_VI_South_2018-12-19_S2_RAW,2018-12-19,18.699642,SENTINEL2,George_VI_South,92.91030008973793,95.00188770759291,96.06145105057603,112.69984505844647,115.10840888957637,116.28741817909325,0.9779837257087933,1.0111530767277301,0.9671965088339572,94.65787961596892,114.69174483742259,255.0,0.014117393411708087,0.023491007479114652,-0.8751023431617706,0.39813054419044047,2.086053038462081,11.910921498131884,285.0986671312232,77772,0.06571655994443346,944,577.6527777777778,1248,389,555,151.4584820345202,1.8703784248396564,0.7483664828913752,0.5917366871474526,0.9942070219844256,0.3501529291302889,21.712580886664874,6.012789293170309,1.0750145377403058,1.599114338999115,2.0295778700721963,1.238434931467166,1.5789269157049575,480682,40.6171468744666,4266.079435976078,0.9401722677710624,0.9945933643013066,0.6898352054442621,1413.4380003819376,481.55753208902115,1.4174522895285393,740.5602539724807,533.0773525948548,557,1251,696807,483295.0,482662.0,0,255,0.0,255,0.0,226.0,0.4073223665337383,-1.8019461361464866,0,255,0.0,255,0.0,232.0,0.4015735898014053,-1.8129524642891208,0,255,0.0,255,0.0,234.0,0.3969273865557927,-1.821594882271135,1.1609293612688358,6.7831391827434535,180.31222920256963,0.0997598049234411,1.1123232419978255
Ross_North_West_2024-11-13_S2_RAW,2024-11-13,27.449065,SENTINEL2,Ross_North_West,18.46620680787541,19.140557475553994,20.041765192902346,59.83970715712538,61.38254742233614,63.63094864626344,0.9647684938834028,1.0470836713295657,0.921386246672671,19.216176492110584,61.57741975901882,255.0,0.008809168109420944,0.03873614470197514,-0.16859073354632664,0.07765330891346209,0.8983732980843404,9.327035595050436,285.0986671312232,7867,0.012335902855745047,150,2.5,553,1,149,88.86396613100955,0.81756397695905,0.9436285381580417,0.9068704638424734,0.9880613065183049,0.8224140780129141,23.393284326331436,2.9841080832732363,0.4348738852492325,0.7116412805465058,0.9515208611905432,0.29578870447892897,1.0371566899142792,59411,9.315982262141462,1358.4507934888322,0.9771530704908117,0.9953925543678585,0.7076444804421363,625.669962882,132.97787038924474,-1.4881707388429741,55.940819040245074,239.38275740182794,151,556,83956,59686.0,59411.0,0,255,0.0,255,0.0,0.0,3.1398883224281278,8.426825938316531,0,255,0.0,255,0.0,0.0,3.0540671851522343,7.784285685655117,0,255,0.0,255,0.0,0.0,2.965937718205679,7.116843963560333,0.4785573033908838,5.033237936653796,180.31222920256963,0.005259985871274463,0.5032067449458949
Crosson_Front_2020-11-07_S2_RAW,2020-11-07,26.989173,SENTINEL2,Crosson_Front,15.515702529406822,16.32661847446067,16.448153316096704,56.00469013126471,58.928709215927405,59.369085504158676,0.950331665652788,1.0074439689838655,0.9433096975165178,16.096824773321398,58.09819982822207,255.0,0.004112201883135527,0.01565696270213953,-0.05611110397657573,0.07226876633033745,0.6470396693505457,8.583455586170201,282.6020218925862,12737,0.01244574468293007,233,1212.0,621,1,232,80.25110159712337,0.6026278685748063,0.9478382088164677,0.9284140807148115,0.9879278264565111,0.8619527655482765,23.41257492168278,3.0467079094265364,0.3219271399142142,0.5320224211718126,0.7151270567352762,0.26915932876925,0.9735424800509221,73120,7.144797450073383,1576.3107499061546,0.9501047108347914,0.9923591601862031,0.5007670392285777,600.6719897541741,187.36830079065146,1.3656878624540605,77.4722510940919,1005.1051832603939,234,624,146016,73683.0,73120.0,0,255,0.0,255,0.0,0.0,3.3422475774555878,9.208545791058743,0,255,0.0,255,0.0,0.0,3.341683874803248,9.203474969689985,0,255,0.0,255,0.0,0.0,3.3421307748496165,9.208193754266945,0.34401287858093715,5.038737765584388,278.912570928996,-0.0018602217714096339,0.4915289013351176
Larsen_C_South_2018-12-16_S2_RAW,2018-12-16,9.079235,SENTINEL2,Larsen_C_South,218.10862447833713,224.30992182551373,225.22557796725482,72.60585569297805,74.48769198484494,74.73143533860895,0.9723538874392829,1.0040821027183673,0.9684007759986779,222.54804142370193,73.92390022686796,255.0,0.028891263596064216,0.01718924208825355,-0.32111630400319074,0.8545749930271174,2.9363761939785014,9.479569721796578,285.0986671312232,243753,0.15884682857656746,1157,875.7596899224807,1321,1,1156,101.09759502923664,2.4907210976428695,0.549849972853994,0.15720394376413588,0.9906566435450562,0.024735182682897348,21.136664590007534,7.617999683547943,1.8167684603799037,2.4006607357797614,2.8186379109656703,2.1345020005026814,1.162621597947897,1383605,90.1655636044199,4703.668181006535,0.5800205379912192,0.9994048087695361,0.901655636044199,1503.811381785996,1225.0075350245927,1.0304278867908503,540.6715999147156,717.6684183708501,1159,1324,1534516,1384429.0,1383605.0,0,255,242.0,255,233.0,248.0,-2.621946466572507,5.027769677917803,0,255,251.0,255,241.0,255.0,-2.6462623270633694,5.103104468474937,0,255,252.0,255,244.0,255.0,-2.65418321819851,5.128375974191208,1.8413758310712787,5.913014486504343,285.0986671312232,0.10635505891436597,1.667452974985822
Totten_Front_2019-11-07_S2_RAW,2019-11-07,3.689146,SENTINEL2,Totten_Front,174.48299591623947,174.25087633280788,178.88141516577087,104.22789563175024,104.07285650113567,106.82716847288206,1.0013320999481699,1.0265739773039437,0.9754115359298065,175.8717624716061,105.0397033916531,255.0,0.02035235146133284,0.01379880235752039,-1.4933188116756997,0.7389918448915755,4.8251243702631275,12.525819400625286,281.2253445983211,280574,0.17413328699278827,1188,1320.6666666666667,1351,1,1187,187.34094140924176,4.458794716953036,0.42170982081889097,0.2658725476200129,0.9914532357566933,0.07068955838127737,21.474977346921044,7.749531043520119,3.3725120080676487,4.032773154802251,4.455539058697362,2.8358096370541808,1.7366573951610775,1189128,73.80112458572793,4752.594154601838,0.7683512186233514,0.9993730428600003,0.7380112458572794,1608.848314934142,1029.7086782485983,1.1347887074556597,460.917862500925,764.5128396606589,1190,1354,1611260,1189874.0,1189234.0,0,255,235.0,255,0.0,239.0,-1.068980440764439,-0.843246866124896,0,255,235.0,255,0.0,238.0,-1.069845433473287,-0.8424276018797983,0,255,241.0,255,0.0,245.0,-1.0704779908114412,-0.8419645745488782,3.3974227058262305,7.948241035460716,268.55875624443075,-0.11069374683151904,1.5463565441323366
Shackleton_Front_2024-12-07_S2_RAW,2024-12-07,24.822116,SENTINEL2,Shackleton_Front,236.57195453992287,241.82214571273403,243.96849962491984,29.916808450859165,29.961607775875866,29.245066090128688,0.978289039006602,1.008875754144679,0.9696823766327806,240.78753329252552,29.6944369868268,255.0,0.03836846437287914,0.06820361568754618,-2.2549683724076712,0.9880737227749029,0.8835882003945899,4.401584700554602,238.80271378506382,168761,0.15326610347126232,905,639.2007434944238,1211,1,904,23.813791515448273,0.8992526656582909,0.6811932626372311,0.14537247436848258,0.9874292914863886,0.021161399191731937,20.976165609237324,7.577025973178035,0.5792998573379341,0.7250772454205983,0.8466748208178532,1.5312566435545947,0.6042256634067529,1082807,98.3388399579329,4280.166522241371,0.6662709813055284,0.9909154469431719,0.983388399579329,1386.8096773803597,1034.157449673542,1.5035945950738756,459.58077662963024,597.4789422307023,907,1214,1101098,1092734.0,1082807.0,6,255,240.0,249,238.0,243.0,-7.227488428557662,51.87567091366127,10,255,246.0,245,243.0,248.0,-7.259316568758002,52.21184837104209,16,255,248.0,239,245.0,250.0,-7.288336827519486,52.5143817974636,0.5919893794969531,2.341518540469824,146.82917133715478,0.20455753985359051,1.7961273064111287
Larsen_C_Central_2021-11-09_S2_RAW,2021-11-09,22.6689,SENTINEL2,Larsen_C_Central,118.17737702698906,118.83064472874295,114.11233139818506,96.55072412725684,98.65583322069608,96.23536741928893,0.9945025317051458,0.960293800126857,1.0356231932070148,117.04011771797238,97.10494177384366,255.0,0.043397998277760114,0.058908149802976206,0.9272053185269069,0.6405336514025781,4.7159906756722245,10.297225836769512,285.0986671312232,140708,0.08984519665209985,1172,742.4038461538462,1164,1,1171,147.63998561501003,4.348402744561848,0.49096239348888143,0.3542257726766384,0.992126508751788,0.12547681797006036,18.59445852031395,7.314421686630222,2.2577741413168457,3.4396189588552937,4.442009890505813,2.6945226974870056,2.086924345563652,896275,57.229157993405344,15622.15421104774,0.6304816250837328,0.8704167604289239,0.6414268849661476,1312.919817997837,1019.093843446507,-0.4739487593477279,623.5661058335678,910.7494302644872,1174,1166,1368884,1008757.0,909642.0,0,255,138.0,255,0.0,210.0,-0.13860708067529784,-1.5994045983654301,0,255,134.0,255,0.0,215.0,-0.08410616505559203,-1.606542230384312,0,255,125.0,255,0.0,209.0,-0.03117891023213872,-1.6020587046227535,2.5676928870034885,6.181888599086691,245.59593056708232,-0.06771670118317032,1.4370931121534918
Totten_Shelf_2025-01-06_S2_RAW,2025-01-06,10.982884,SENTINEL2,Totten_Shelf,182.5655177303653,191.0863887886999,194.87447215825543,73.95327480629454,74.71352921268283,72.08547719047147,0.9554082783580552,1.0198239309113866,0.9368364963781,189.5087928924402,73.56647854866239,255.0,0.1278670366697068,0.18413706443768976,-2.1530810284860173,0.9974333126789915,17.98350196092989,27.15052857962414,259.93914886201947,332549,0.20503226084892429,1195,692.1792656587473,1352,1,1194,1024.1364227845083,15.238390980643397,0.15088288741417427,0.0243420739875214,0.9055527569425498,0.0005975228564825615,19.053279570389687,9.08335752646099,9.914118432534003,13.362023545704847,15.687195883055733,4.552412438723039,0.9349441449382887,1356774,83.65156433519222,27167.11192419634,0.7174458335484423,0.7594167895124776,0.7114643928394171,1659.7100588385756,1156.1777524536526,-1.0606136418759071,692.9237886596375,753.1828339034048,1197,1355,1621935,1519520.0,1252027.0,0,255,214.0,255,194.0,224.0,-1.6798975729497578,1.1130089946242672,0,255,223.0,255,204.0,232.0,-1.699853359228411,1.1595505758866658,0,255,225.0,255,208.0,234.0,-1.7030742737048057,1.167854587987195,10.644452641263666,15.857903507002066,258.56919340435314,0.13787130301946018,1.796045302911772
Larsen_C_South_2019-11-20_S2_RAW,2019-11-20,17.433849,SENTINEL2,Larsen_C_South,92.72641992654361,94.60621394628664,97.50002541517976,107.36891947906277,106.76794117355998,106.52703447115448,0.9801303324440368,1.03058796402563,0.951039956467662,94.94421976267,106.84071275008692,255.0,0.12718388268941144,0.2129994431811178,-1.0993040526716646,0.6526038177510042,10.46709446026334,24.201706068476668,284.9497519056844,193731,0.12624892800075072,1157,657.2341772151899,1321,1,1156,671.7850083238476,9.235159586761005,0.4645795147904919,0.3470969354762851,0.9704688038284267,0.12047721218829834,21.03617492421063,7.497978325498412,6.169091707124724,8.175162172826509,9.586295636957125,2.8059223371374427,2.177348331096626,574832,37.46015030146313,9674.87845664127,0.9071479794179638,0.917097574455679,0.47123465186383356,1320.9338443254464,555.8645054224213,0.9045246294294685,444.056636781533,444.2812628598064,938,1160,1088080,559091.0,520298.0,0,255,23.0,255,0.0,233.0,0.5232446134205738,-1.61978945641435,0,255,27.0,255,0.0,232.0,0.4933883808028181,-1.6394406445255427,0,255,35.0,255,0.0,234.0,0.4720255972945236,-1.6388347688231861,6.43801899295228,14.610767188111817,283.0135940983126,-0.034093351406774317,1.4467765171750897
Thwaites_East_2023-11-05_S2_RAW,2023-11-05,20.013414,SENTINEL2,Thwaites_East,209.20750908445365,212.33902983733458,215.68365938010933,80.07288267518061,80.07484845489132,79.97888040563893,0.9852522602397761,1.01575136490562,0.9699738482072977,212.41006610063252,79.97358565097714,255.0,0.03902897325344885,0.08519590068700611,-1.4081533198557203,0.7730344047655575,8.52540431818706,21.757862360516807,285.0986671312232,124944,0.13691772925917323,761,532.6926605504588,1178,1,760,507.8317077894307,7.41418620035811,0.46347142580866557,0.2077994363044425,0.9597986184506507,0.04330674596913556,20.703423819897694,7.434250964428503,4.985650847421265,6.793294215637224,8.13753436247546,2.687092604412545,1.676865618801085,799730,87.6370338875325,6476.230985784548,0.7008171044723864,0.972388225752913,0.888253326521092,1231.8964341456897,878.762237509326,1.471234252888144,397.1664849386668,553.158030835407,763,1180,900340,822439.0,801692.0,0,255,241.0,255,225.0,251.0,-2.0495586909428867,2.492007296620076,0,255,244.0,255,231.0,255.0,-2.1076454880565123,2.697446971695216,0,255,248.0,255,236.0,255.0,-2.16938754723401,2.9239368834552177,5.138108898086462,12.906234106412985,285.0986671312232,-0.03274497792044958,1.5933562439552085
Crosson_Front_2018-12-20_S2_RAW,2018-12-20,0.319773,SENTINEL2,Crosson_Front,174.19865605109234,175.96097427990173,176.2979308228829,109.26251962532746,110.30120209829138,110.48123219965233,0.9899846074612826,1.0019149504272749,0.9880924593834377,175.48585371795903,110.01228440783942,255.0,0.009254995385863784,0.011827757534255223,0.10870015486314541,0.6581763568959217,3.046507131427534,11.569612995567784,285.0986671312232,71162,0.06953474783125302,841,938.2788461538462,1033,1,840,156.9157316151049,2.9800933686482716,0.5582819074988163,0.2991160425025936,0.9934724636381832,0.08952675311536573,17.50398572603923,6.170767868351591,1.4398909979353673,2.363465354178524,3.233909883641761,2.3009721086788604,1.6655068069117664,735859,71.9032208262247,3986.4499269370554,0.5619697741268379,0.997789797542743,0.8433865708505969,1094.3888784001967,905.2322618525895,0.9849753664432375,395.69240166934156,772.2789325128863,843,1035,872505,737489.0,735973.0,0,255,238.0,255,0.0,248.0,-0.9519262242876443,-1.0638265854549973,0,255,241.0,255,0.0,250.0,-0.9556280543649652,-1.0615429408620225,0,255,241.0,255,0.0,250.0,-0.9575273357355971,-1.0604506680936565,1.6042917427318002,6.8097725693045446,260.9525818994708,-0.33039728901061804,1.5367533989776367
Ronne_North_2018-12-18_S2_RAW,2018-12-18,9.419973,SENTINEL2,Ronne_North,15.129284256945816,15.223410702471838,15.216536053965644,59.91627424261143,60.27672460772707,60.270951924325644,0.9938169936116799,0.9995484160060772,0.9942659882111267,15.189743671127765,60.148057308642784,255.0,0.000505085895880056,0.007711539404977383,0.01126699917698259,0.01842397864703029,0.4360802464347245,9.68493297233857,285.0986671312232,2804,0.002781202483244842,891,413.7857142857143,321,521,370,104.20966968307248,0.4367952687196824,0.9922956417605606,0.9403637196408358,0.9854864519683656,0.8842843050949364,23.886877267042056,1.2248423956131174,0.23071076793091114,0.4169087528548936,0.596641594014421,0.03672262522552439,0.2785576842137214,60466,5.997438992577839,1200.4123009900693,0.6731723857735392,0.9908073475674701,0.5018799956838951,354.989525147307,262.5096387388412,-0.1729862792614697,767.9314986934806,444.0217477590712,373,323,120479,61027.0,60466.0,0,255,0.0,255,0.0,0.0,3.7103083834770794,11.776364232005388,0,255,0.0,255,0.0,0.0,3.7078495798385385,11.75187003968525,0,255,0.0,255,0.0,0.0,3.710179745893144,11.76977885565958,0.23074654975462344,5.752392093142444,285.0986671312232,0.0019731259564906025,0.2420710484385321
Moscow_Uni_Front_2021-11-03_S2_RAW,2021-11-03,0.217143,SENTINEL2,Moscow_Uni_Front,185.8015263247118,195.02408255029223,195.80369280570895,77.36930739560324,74.09534019925636,70.70159172135112,0.9527106801115324,1.003997507616093,0.9489173756747431,192.20976722690432,73.848614827747,255.0,0.11541228414147767,0.1801249013599889,0.325901782841749,0.9943118521747554,12.407250141383956,23.971566689670095,266.50487279264183,212466,0.21439382931318415,835,576.7223796033994,1181,1,834,661.8697523486913,10.654071542485887,0.3604840978754906,0.10347343291023636,0.9392830563491804,0.01071126433498159,20.186283057250797,8.662670550824823,7.215264005525517,9.236899042595303,10.523388786244528,3.3046334979674663,1.5834715872917102,685526,69.17461816655364,14430.329429598853,0.38127695322904237,0.8608909041724098,0.7692177540210358,997.797947219511,922.4251501544865,-1.2202225369849358,407.91667676690594,408.64939002036505,837,1038,868806,776290.0,675244.0,0,255,239.0,255,125.0,242.0,-1.0464551625536318,-0.27708749737682714,0,255,242.0,255,153.0,245.0,-1.2988247104929658,0.42970549170464345,0,255,239.0,255,161.0,242.0,-1.3794057139369755,0.6504197815034836,7.649880183695318,14.341715251907347,173.837168382113,0.018194985844086103,1.826380979722169
Pine_Island_East_2024-11-13_S2_RAW,2024-11-13,21.971603,SENTINEL2,Pine_Island_East,76.86307663340237,77.99186844913073,80.4796924621854,109.36303573941666,109.92255047942781,111.93577855184799,0.9855268012130886,1.0318985050931833,0.9550617588334118,78.44487918157282,110.38104295640353,255.0,0.05238889681277068,0.15878774268721815,-0.8570695686820177,0.38820686625243206,5.661066205619813,23.573925382134853,284.91287654688796,55609,0.06980355237557272,676,996.5542168674699,514,1,675,554.5027573259221,4.8927186684025274,0.7483481592552712,0.6068566103484122,0.9771250389843882,0.3682753195148007,22.005441536433818,5.933148082553583,3.11802661429773,4.390849467906088,5.324987648916376,1.2685701443299588,1.7171650173685102,254969,32.00514655118308,2738.0428560496184,0.7876366268533029,0.9263588261646937,0.6560649196222359,737.2984282439501,454.2790801670832,-0.22516559923405696,268.7994231514924,892.9377099462799,678,516,349848,247769.0,229614.0,0,255,0.0,255,0.0,235.0,0.7730072916264992,-1.3656892234732727,0,255,0.0,255,0.0,236.0,0.7624283940684787,-1.3813752735223255,0,255,0.0,255,0.0,241.0,0.7489046715619414,-1.3967632038033801,3.303413991682964,13.947285217777848,201.24611797498108,-0.035281617994639816,1.120119502093385
Larsen_C_Central_2021-11-10_S2_RAW,2021-11-10,13.187839,SENTINEL2,Larsen_C_Central,21.594560683882932,22.41877421595846,22.44342756219846,67.26169685847377,69.49753450381294,69.26360275050963,0.9632355665732542,1.0010996741348304,0.9621774848757285,22.152254154013296,68.66143672761312,255.0,0.024254870498340686,0.12242743130056102,0.04894577103363677,0.13177376388466755,5.058868038419628,26.80088779789379,285.0986671312232,30716,0.01961285115534226,852,1332.0,544,1,851,720.5033543103523,4.4868963061181235,0.9115927927902284,0.8684409121875576,0.9228931225396106,0.7541961184730304,23.255516194202727,3.516456495463677,2.6867981309739837,4.037152027606433,5.079290425515617,0.46893986531627185,1.2764053560536623,138323,8.832232095196012,10518.970952477946,0.6905165152126687,0.6492773026230275,0.5107123686833832,528.8601509640995,382.53334030289284,0.08779557996600731,242.50443930612695,1153.735883807293,483,405,195615,153868.0,102341.0,0,255,0.0,255,0.0,0.0,2.914030268694213,6.63655254720004,0,255,0.0,255,0.0,0.0,2.894016151129204,6.50084550337521,0,255,0.0,255,0.0,0.0,2.8918183905346497,6.493770595937697,2.8364688649383107,15.619080685558725,285.0986671312232,0.01616431238064014,0.6400870950073148
Moscow_Uni_Front_2019-11-21_S2_RAW,2019-11-21,12.865707,SENTINEL2,Moscow_Uni_Front,138.77488274564888,141.6417950208273,144.78068189156897,111.2738166708895,112.2733234432083,111.9788563091942,0.9797594186457831,1.0221607391390228,0.9585179523431595,141.73245321934834,111.79290235659282,255.0,0.3527880989850932,0.4448121579434281,-1.767425189204342,0.8832330314185153,9.101720822316627,22.26263665542697,284.83886770515636,150315,0.15167889663857406,835,444.54088050314465,1181,1,834,553.9403002479313,7.960984820658994,0.525845292291857,0.21065323522185622,0.9778174283560803,0.044394076750572393,20.92988956698634,7.523639025339616,5.386541331975373,7.04216358711795,8.191928962908786,2.4368148444874036,1.8820744929720645,594017,59.94068665439634,5343.192313817035,0.5898481137041635,0.9203966853613964,0.8173372057560317,984.7829616452661,795.2262373723332,-0.6679620672293017,381.1585229130258,360.308372886752,837,854,714798,634760.0,585339.0,0,255,202.0,255,0.0,241.0,-0.32913524852692166,-1.7751676189366226,0,255,213.0,255,0.0,242.0,-0.3596048292242053,-1.7683496107218823,0,255,220.0,255,4.0,244.0,-0.3747967155906074,-1.764838585534235,5.616469083531118,13.970780357424065,193.37363085775453,0.11586572203531202,1.6894420065749978
Totten_Shelf_2019-01-01_S2_RAW,2019-01-01,15.55292,SENTINEL2,Totten_Shelf,229.56921023345572,236.1118300055181,239.25113090228646,31.71369694500044,32.65766333983813,33.21493199934964,0.9722901653339153,1.0132958221389994,0.9595323932956417,234.97739038042008,32.490261778235094,255.0,0.0422625599288151,0.03889053934753363,-2.408201264130876,0.9949769873638586,9.635440411982154,27.886512592764664,274.77579244014765,332199,0.20481646921732374,1195,693.2837465564738,1352,1,1194,803.333264206694,8.338143177872924,0.2706696227302637,0.07017288449677529,0.6183709391082595,0.004939341671571524,20.267746857919708,8.739942863406032,5.83227306455135,7.745674515237549,9.044814389571446,3.565078136547237,0.6543328375170872,1594660,98.31836664231304,17355.56424052801,0.4736130053566727,0.98314605702448,0.98314605702448,1563.646581169381,1377.1552365762907,-1.570203703749652,592.513003582719,677.3101644990371,1197,1355,1621935,1621935.0,1620338.0,0,255,235.0,255,232.0,238.0,-6.213180926526407,39.51159122125172,0,255,242.0,255,238.0,244.0,-6.234447316066194,39.71298807150503,0,255,245.0,255,241.0,248.0,-6.200622540978475,39.38398880458782,6.02001865457936,16.822429131248835,274.90038599867813,-0.10027926550809324,1.792787663244167
Larsen_C_North_2018-12-19_S2_RAW,2018-12-19,0.029567,SENTINEL2,Larsen_C_North,243.46357047659131,247.6123004599567,248.52228134519802,34.36072001991825,33.923162724817395,33.80200112281068,0.9832450569872452,1.0036750229429257,0.9796448397249417,246.53271742724857,33.9336473308039,255.0,0.022969188042579892,0.050636631314272915,0.7040813212069595,0.8861237624258458,4.900097075707888,16.121193917730867,284.72623303408096,262235,0.16423849106140773,1186,915.9708737864078,1341,1,1185,280.8200900607912,4.325141055139221,0.6227048489382804,0.4578467912966819,0.8758585433461702,0.2096306711607232,21.972623682259098,6.777380809252747,3.2122887441991717,4.063275388889005,4.63552072889722,1.8447087243540032,1.8368313532622627,1568473,98.23388898909732,8244.76294835301,0.4799696740193794,0.9950560374962094,0.9823388898909732,1543.3236599889608,1353.934820898526,1.451651537354973,600.6906233004968,662.7179823943414,1188,1344,1596672,1576266.0,1575668.0,0,255,253.0,255,244.0,255.0,-6.153705244368628,39.4999773605326,0,255,255.0,255,253.0,255.0,-6.650273358559082,44.42942283190118,0,255,255.0,255,255.0,255.0,-6.745339434935649,45.38441775886292,3.2275729240184985,9.845579869287116,272.1804956682646,0.19516598781242175,1.6491302033669648
Shackleton_Front_2019-01-15_S2_RAW,2019-01-15,21.144183,SENTINEL2,Shackleton_Front,228.58187917878337,238.45559977404372,242.41914616137709,31.322228071716783,32.039567208963454,31.738243995813722,0.958593043716682,1.0166217375099913,0.9429200737573896,236.4855417047348,31.678357896828206,255.0,0.06568705461752902,0.07763019907349918,-2.6568533231903344,0.9915166497441644,2.2269443974203003,7.474435057247025,284.837794971883,244403,0.22196298603757342,905,600.1206434316354,1211,1,904,62.573775309543315,2.017819971002524,0.6056836435542242,0.2474829041304839,0.9682930322414948,0.061250667254144055,20.49610752176464,8.256235889728602,1.2398914552337397,1.6861076803950015,2.0202099370480187,1.8874043247519792,1.0128066419196398,1081300,98.20197657247583,4239.94826817189,0.6660865047609752,0.9947342468979525,0.9820197657247584,1385.1622703620217,1033.157214362726,1.4978748043707082,460.07040969203734,596.6487727735133,907,1214,1101098,1087024.0,1081300.0,0,255,233.0,255,232.0,235.0,-6.461269288924332,42.436337937183566,0,255,244.0,255,243.0,245.0,-6.578260890329605,43.64983235507058,0,255,248.0,255,247.0,249.0,-6.672242290225123,44.71002899213264,1.3435700473381342,4.069222039460946,242.30605073382344,0.11588707558074927,1.7890908242919732
Shackleton_Front_2018-12-19_S2_RAW,2018-12-19,1.198145,SENTINEL2,Shackleton_Front,243.53228867911847,248.4993842509931,249.6802518940185,33.03359054964477,33.29517485768464,32.965942285199425,0.9800116383107184,1.0047519942412904,0.9753766540671098,247.23730827470993,33.08580344500094,255.0,0.039282701493017616,0.11743867048040844,-0.9881042940383225,0.981694635718165,0.6601023413985023,5.152776446291242,271.74878615695377,247443,0.2247238665404896,905,580.3041237113403,1211,1,904,29.014472361320767,0.647501066900018,0.7590391639262628,0.2856538807692146,0.9865208101623857,0.08159972379237959,21.82414553472988,7.218265989127568,0.4787861876522211,0.5702896510597671,0.6417458272170821,1.0983089734363471,0.33659955325545904,1081237,98.1962550109073,4237.563491861039,0.6660961494323394,0.9946735453673183,0.981962550109073,1385.110628094096,1033.1067656576417,1.497642361822001,460.09258192237223,596.616824988416,907,1214,1101098,1087027.0,1081237.0,0,255,249.0,255,246.0,250.0,-7.159765558370744,49.67725773836026,0,255,254.0,255,252.0,255.0,-7.193891014145357,50.021045089497235,0,255,255.0,255,254.0,255.0,-7.213213790619977,50.22925497911606,0.4746172019575515,2.8541238679570133,269.1495350585288,0.24341479139782898,1.7739782234286914
Pine_Island_Front_2018-12-21_S2_RAW,2018-12-21,0.022132,SENTINEL2,Pine_Island_Front,38.341195464929264,39.834403050558436,40.35786764175825,84.3767978189354,87.3444743533994,88.2635400242363,0.9625146237580058,1.013141017588091,0.9500302594075278,39.51115538574866,86.63953255037356,255.0,0.01695749296936828,0.07858625563261674,-0.2680249888225757,0.18873838826509431,5.538683558046731,24.306682383988125,285.0986671312232,26639,0.03310944673827392,681,779.4971751412429,846,354,327,572.589527574727,4.731564105974811,0.8495622483811247,0.8115849169545202,0.9616170889133672,0.6586708510015157,23.086153666412287,4.3275458979658525,3.1772061316919937,4.383192635244127,5.250690781839796,0.7942188832655737,1.6978570545891989,139823,17.378513349921825,4983.343684156755,0.9399586282021598,0.9568377284622487,0.5692604400687195,776.6237464283926,265.0526818436908,1.3515948400064497,565.3924609882257,636.1418135124743,329,736,242144,144061.0,141589.0,0,255,0.0,255,0.0,0.0,1.7977293121162392,1.3068559990881905,0,255,0.0,255,0.0,0.0,1.7871992181853789,1.2624153895103882,0,255,0.0,255,0.0,0.0,1.7843387259046948,1.2539067508107848,3.2866193128752754,14.497459226403059,242.61452049610625,-0.01281168166699319,0.7769791182540227
Filchner_West_2018-12-05_S2_RAW,2018-12-05,0.003998,SENTINEL2,Filchner_West,209.02934866110624,211.98349703687444,215.12891242317824,78.02486234502723,77.08808582588287,74.94135562533297,0.9860642530330891,1.01483802008255,0.9716469362789751,212.0472527070529,76.66865428428923,255.0,0.11202181445665,0.24452170230192982,-2.07487969094133,0.9880194615159497,5.000905269734446,13.222888323150903,270.73998391240417,221531,0.20260005121451566,1086,538.294964028777,1002,1,1085,214.2754645624449,4.660425155334171,0.3502951163916114,0.07593974890061225,0.9820737714687514,0.005781255072795262,20.06905728709394,8.6134208475603,3.169281113754846,4.0333336260931585,4.6602726738937275,3.141938578637379,1.0043186197849565,952408,87.10199004975124,3934.237769521985,0.7408521241170352,0.9501862379925505,0.7307251620684456,1278.173692256442,858.5085844395528,-0.7564337902518896,663.2105882110214,590.7371644762632,1056,1005,1061280,816160.0,775504.0,0,255,240.0,255,230.0,243.0,-2.1743645639128273,2.8396743698423936,1,255,242.0,254,235.0,245.0,-2.1916357031242653,2.901278066862952,5,255,244.0,250,237.0,247.0,-2.1928323909259024,2.9082343034241047,3.283477142627385,7.6020556297384205,172.31447350056752,0.19326899675856854,1.7946119919326156
Crosson_Front_2020-11-10_S2_RAW,2020-11-10,26.192388,SENTINEL2,Crosson_Front,163.78555152325285,167.01072403610704,168.79084563055378,104.92091705230759,106.28375297754498,106.87425884165405,0.9806888298247544,1.0106587262861086,0.9703461755363592,166.5290403966378,105.9918900229003,255.0,0.02446308600445872,0.03298015183148673,-0.6224532978554832,0.5381394603489147,2.881821513701208,10.679372696215285,285.0986671312232,79049,0.07724139683135268,841,842.3821138211382,1033,1,840,135.05798020974933,2.678168590893209,0.6255265875050146,0.34517894347047423,0.9939444459834489,0.11918105623384563,19.229826597954666,6.712802712545679,1.355772549867026,2.1749858181760553,2.883275807593736,1.9450788033727708,1.8547831966081831,737074,72.02194250157807,3563.3767670841366,0.567521948277514,0.9994372797424775,0.844779113013679,1098.541657440044,904.4933568889019,0.9853492854621697,395.1140998054469,771.3801612863838,843,1035,872505,737489.0,737074.0,0,255,214.0,255,0.0,250.0,-0.8182390577267782,-1.141544870828509,0,255,220.0,255,0.0,253.0,-0.8557226188134447,-1.1178976425900875,0,255,225.0,255,0.0,252.0,-0.8845164885102694,-1.0976817442942652,1.5215101993660767,6.229048747794447,285.0986671312232,-0.0859633044271468,1.3498854873818018
Totten_Shelf_2020-12-21_S2_RAW,2020-12-21,16.727736,SENTINEL2,Totten_Shelf,196.38814810704497,202.37308276842168,202.63446254011413,74.10897640740235,75.96911435401391,76.44965416422362,0.9704262316924708,1.0012915738003134,0.9691744713368807,200.46523113852675,75.4655343892232,255.0,0.047297727039228764,0.09222686710216414,0.2917087850946803,0.9477827409853046,36.2187457529063,55.986152354103574,285.0986671312232,296197,0.18261952544337473,1195,660.6809045226131,1352,1,1194,4077.561513117751,30.91941920990128,0.2324717089605659,0.06702677972566132,0.6406587927700818,0.004591704788476564,19.473038068726552,8.88063372391777,21.068999749640213,28.386802628377623,33.16027796617889,4.104417429577042,1.3646396321395138,1447108,89.22108469204993,53970.495239248296,0.5146961544361456,0.8735462529112547,0.8593260519071356,1557.3973434819172,1335.269894423556,-1.1700799356683913,635.5987963589428,703.4276455744882,1197,1355,1621935,1595532.0,1473859.0,0,255,230.0,255,189.0,242.0,-1.7947062383232664,1.958904048841564,0,255,237.0,255,198.0,249.0,-1.8367277725142654,2.0710161355480423,0,255,237.0,255,197.0,250.0,-1.8240636338781349,2.0216538185109734,21.84647818820934,34.154690940739165,271.1270714792031,0.04794453440790919,1.7435111141626605
Ross_North_West_2021-11-09_S2_RAW,2021-11-09,24.723461,SENTINEL2,Ross_North_West,23.72776181844411,23.744387924708185,23.7419762533478,74.03526626721927,74.08363353326573,74.07623548668215,0.9992997879576124,0.9998984319381902,0.9994012952059278,23.738041998833367,74.06477991480267,255.0,6.887111571917071e-05,0.0018783368271431899,0.004370700944283937,0.0047386676534970805,0.48456988652381966,10.653908188279386,285.0986671312232,940,0.0014739733932121958,150,2.5,553,15,135,115.14790599345592,0.47029768316876647,0.9964364098127058,0.9110385885856327,0.9893058441206001,0.8299913930350695,23.918989481474977,0.8759190178918814,0.2396083792124665,0.4413961056697408,0.6341521329311322,0.014775049620804262,0.16975522225188322,59411,9.315982262141462,1358.4507934888322,0.9771530704908117,0.9953925543678585,0.7076444804421363,625.669962882,132.97787038924474,-1.4881707388429741,55.940819040245074,239.38275740182794,151,556,83956,59686.0,59411.0,0,255,0.0,255,0.0,0.0,2.800121636850564,5.841920402603607,0,255,0.0,255,0.0,0.0,2.7996841206936045,5.838670734249437,0,255,0.0,255,0.0,0.0,2.799702377288152,5.838816752293962,0.24818935361585304,5.733427134654235,180.31222920256963,-0.0030270886795514874,0.11214769046823078
Shackleton_Front_2024-12-11_S2_RAW,2024-12-11,13.872355,SENTINEL2,Shackleton_Front,187.7455158396437,193.59028896610474,196.46735803715927,92.20234619929752,93.91893750498222,94.46698616535942,0.9698085417518988,1.0148616394258123,0.9556066601355656,192.60105428096918,93.46333997809575,255.0,0.039693761595396164,0.04540149676362402,-1.381319799922705,0.6958490524912405,7.920502152512837,16.5365678489479,285.0986671312232,130143,0.11819383924046724,905,505.8443396226415,1211,1,904,340.7693761358821,6.955261736038086,0.5496022873353164,0.24687598956335274,0.9803271545442341,0.061071758230191515,19.895664146152296,7.136367093748545,3.941176144065644,5.91739263899507,7.496601487568746,2.3636832611721674,1.8395217716582923,902100,81.92731255528572,4437.617495198952,0.769119152383518,0.9980362328861845,0.8192731255528573,1387.3302608266206,886.6502798675731,1.2048584637232125,516.3550404611462,531.9033699146436,907,1214,1101098,903875.0,902973.0,0,255,233.0,255,176.0,247.0,-1.380072559948871,0.19750630244362943,0,255,242.0,255,189.0,254.0,-1.44784948544165,0.3314939437279012,0,255,246.0,255,198.0,255.0,-1.4977661574714185,0.43867972209649464,4.357790281122973,9.488518805987622,270.7202327947515,0.12930898880829356,1.4656541837450459
Ross_North_East_2021-11-08_S2_RAW,2021-11-08,20.897225,SENTINEL2,Ross_North_East,23.923390933625907,23.933063786990665,23.911368015414258,74.33515013867097,74.36484872677458,74.31411446109445,0.9995958372254047,0.9990934812245765,1.0005028118049897,23.922607578676946,74.33429838193257,255.0,0.00010166631364482548,0.006218210154932763,0.006852755443894833,0.007214428179106095,0.5862073323602979,11.714253127621685,285.0986671312232,986,0.0016694264690444989,179,77.0,443,1,178,143.16383093644805,0.574743074121365,0.9965374619478551,0.9097366063309061,0.9868932789651729,0.827621081098158,23.944720989058993,0.7813985858477939,0.2981102083578573,0.5465762800849078,0.7852666377930049,0.013369849800713875,0.13054539585305383,55433,9.385529154010518,1151.7949852598665,0.9370028753779512,0.9932271416029098,0.690495764823119,464.33900329071224,162.20366437940464,-1.4096271840854244,75.8627532336334,306.2510778777984,180,446,80280,55811.0,55433.0,0,255,0.0,255,0.0,0.0,2.7854169255346504,5.75865465277672,0,255,0.0,255,0.0,0.0,2.7853683992485503,5.758277264157334,0,255,0.0,255,0.0,0.0,2.78668547325736,5.766360572350502,0.3031515754316441,6.533937931520932,180.31222920256963,-0.0011936666833623315,0.13560179055639213
Crosson_Front_2020-11-09_S2_RAW,2020-11-09,3.878046,SENTINEL2,Crosson_Front,164.50805646266082,167.4984512439882,168.03155846871513,105.24240497588106,106.48145724123185,106.32775610518168,0.9821467317505546,1.0031827591280236,0.9790307128121517,166.67935539178816,105.98794050792297,255.0,0.020231488860389737,0.030483941846365128,0.20290541929212247,0.630754092722117,5.522412721286046,11.898794839335977,285.0986671312232,93729,0.09158571118680636,841,853.92,1033,1,840,183.21068384823658,4.996095553906999,0.5166868048674175,0.3043201602690883,0.9917857176945376,0.09265988388057972,18.684132921374005,6.845147262940865,2.6256951624328067,4.061621925291922,5.237828700562948,2.560658499082729,1.9986036333420056,737074,72.02194250157807,3563.3767670841366,0.567521948277514,0.9994372797424775,0.844779113013679,1098.541657440044,904.4933568889019,0.9853492854621697,395.1140998054469,771.3801612863838,843,1035,872505,737489.0,737074.0,0,255,222.0,255,0.0,245.0,-0.8303450187976087,-1.1445573861592355,0,255,227.0,255,0.0,248.0,-0.8644642869096839,-1.1186215214599744,0,255,228.0,255,0.0,246.0,-0.8893248451358208,-1.0973677105542632,2.963856101283437,6.842216492090503,284.20459179964,-0.19748729600601594,1.4656406567117697
Ross_North_West_2021-11-08_S2_RAW,2021-11-08,20.897225,SENTINEL2,Ross_North_West,23.73825055038794,23.755754768460733,23.754969172003285,74.06310864247286,74.11735006959074,74.11490929804036,0.9992631588285312,0.9999669302632099,0.9992962052868088,23.749658163617315,74.09837825412828,255.0,6.864399244230825e-05,0.0009442746532072786,0.023913932559923932,0.01969165731059442,0.46880615770332595,10.608989233976097,285.0986671312232,1588,0.002490074200447837,150,2.5,553,1,149,114.41032109721665,0.454667228788411,0.9965895653091937,0.9108980818674008,0.9893863010104375,0.8297353762701115,23.94647124497438,0.7743663536441328,0.23437258927506924,0.42993733257203,0.6172645236166644,0.014614644214481953,0.1255758361886513,59411,9.315982262141462,1358.4507934888322,0.9771530704908117,0.9953925543678585,0.7076444804421363,625.669962882,132.97787038924474,-1.4881707388429741,55.940819040245074,239.38275740182794,151,556,83956,59686.0,59411.0,0,255,0.0,255,0.0,0.0,2.799510286941478,5.837372708433815,0,255,0.0,255,0.0,0.0,2.799459104626138,5.836971278474142,0,255,0.0,255,0.0,0.0,2.79946052582065,5.83698245463313,0.2412405055700959,5.709268631064118,180.31222920256963,0.0019516394498110662,0.2336548561741356
Pine_Island_Front_2019-11-03_S2_RAW,2019-11-03,14.638279,SENTINEL2,Pine_Island_Front,2.5181425201410934,2.629185133996376,3.027819690917181,8.347497758737001,8.39897297304636,9.241573066228538,0.95776538802261,1.1516190517172582,0.8316685856862025,2.7250491150182166,8.620517796614935,88.0,0.02805661548589393,0.09682778032579163,-0.20773064360474897,0.11164044575141628,0.46974259908498167,2.0711625616697478,79.2468015477947,15017,0.018664535518174836,681,765.6575342465753,812,466,215,39.25624800259488,1.1921834967802114,0.9041290805884447,0.8892660221439118,0.9677099392201858,0.7907941660218932,23.118844257955143,3.7691057070906377,0.22593122881965735,0.3366532700231093,0.42143254045791617,0.520021465790412,1.468396745057126,74733,9.288517898912966,4205.630913997048,0.980451018288486,0.8639586911062045,0.47699948400412795,801.7090002872601,157.74691772455267,-1.4586293556530303,616.8509614084431,889.6978391973389,190,816,155040,85599.0,77309.0,0,94,0.0,94,0.0,0.0,3.976415747604137,18.00354242189028,0,88,0.0,88,0.0,0.0,3.6431204611885186,14.50143986610814,0,82,0.0,82,0.0,0.0,3.1957285487346194,10.076563380966366,0.2557233281369889,1.1530237236359853,50.79397383329816,0.011497004564573879,0.5954926355155448
Wilkins_North_2023-11-21_S2_RAW,2023-11-21,21.670768,SENTINEL2,Wilkins_North,199.17202041378428,202.07050487813302,206.8403545374681,69.87498623622596,67.79333443115735,66.33506251295277,0.985656073526439,1.0236048782186662,0.9629263151239135,202.69429327646176,67.98262623232355,255.0,0.08358985660977301,0.15839076800899482,-2.3053139213559426,0.9971159928472579,29.406080073282794,45.89076971096536,250.60440827017476,224938,0.18946343484914974,941,617.9071856287425,1256,1,940,2885.624769444497,25.840857894895354,0.1936587279455201,0.0467861499037809,0.7112420719722438,0.0022001571901707185,19.377956549534762,9.01696605380016,16.644915557046286,22.55242658463883,26.40506613218489,4.261687814794061,1.0904384114275032,1040246,87.61906847579716,48913.61053727583,0.7154812908884612,0.8714637431279517,0.8714637431279517,1481.232147588776,1034.8360197425732,1.5598572192127886,505.43623735543196,630.027385529569,943,1259,1187237,1187237.0,1108949.0,3,255,234.0,252,200.0,238.0,-1.8443371680349916,1.9765673862744393,8,255,235.0,247,206.0,239.0,-1.9001484204927086,2.1726437286227105,17,255,239.0,238,211.0,242.0,-1.8979854804220224,2.1580511200864896,17.487295136327834,27.71650960754275,232.12574417998343,0.014942394141520312,1.7971518888702998
Moscow_Uni_Front_2025-02-15_S2_RAW,2025-02-15,21.274309,SENTINEL2,Moscow_Uni_Front,7.584409005779974,11.72947443411153,13.753629637702218,33.407142642027516,35.221662396645876,36.311009504418536,0.6466111545167289,1.1725699829812326,0.5514478145415537,11.022504359197915,34.96463874652888,255.0,0.7798327488128064,0.14584751275992128,-2.7572560276368527,0.85092552229649,3.1393540771633677,17.524072245437203,273.7396624126248,89388,0.09019907003777972,835,485.83098591549293,1181,1,834,333.9333900673865,2.894831537033839,0.8674688061050445,0.6172613033381616,0.8651719557115031,0.38102419304481366,22.585572467628918,5.257576538737723,1.8070924877578873,2.6055170103446725,3.293585849682179,0.6852669020458686,1.1522842286132042,30585,3.0862515741548,654.5401512639274,0.8402701013563881,0.8207611176216616,0.521209510007442,191.6779584652968,103.9216583094334,0.3551194704002591,138.19583677763583,43.212068835951,211,121,25531,16213.0,13307.0,0,255,1.0,255,1.0,2.0,5.5954338988067756,30.589209972454597,2,255,5.0,253,5.0,5.0,5.5180387808444715,29.524418818035926,5,255,7.0,250,6.0,8.0,5.468741764957829,28.843418355011643,1.862859617339265,10.177082241003163,173.24260445975753,0.34220914561757276,1.52402942641596
Filchner_East_2018-12-05_S2_RAW,2018-12-05,0.003998,SENTINEL2,Filchner_East,136.5986083497177,139.92751844447247,142.05016326083737,113.61959688178122,115.59458114796416,116.32979908763072,0.9762097539364754,1.0151696023760024,0.9616223256202424,139.52543001834255,115.15923822239216,255.0,0.06575979740723971,0.17254028361087242,-1.3544645296466742,0.6589251557855244,6.168372889311239,18.98050043881397,283.79484471866095,149315,0.13737555328817172,1097,457.2,986,1,1096,411.62540625620164,5.757073457798694,0.510539532456675,0.3418577234915267,0.9844013533536154,0.11686803003553507,21.586305594478297,7.313197714305427,4.0068219617263425,5.1403727789069364,6.0083595360297375,2.4457156122516794,1.9561066394716258,636656,58.57480511283812,3828.9334752077393,0.8583061760306869,0.9140568754499641,0.5644471119113512,993.3509695091842,509.72603410709013,0.7637289648802907,426.29548094909916,302.6569121928579,819,769,629811,388920.0,356889.0,0,255,219.0,255,0.0,238.0,-0.33007035861542317,-1.8576363589252487,0,255,228.0,255,0.0,241.0,-0.3406786389730698,-1.8573272127184053,0,255,231.0,255,0.0,243.0,-0.3450426591661717,-1.8514823403936467,4.058025349845336,11.409081615032008,274.01074593688634,0.08652185517646965,1.4741014513993822
Ninnis_Front_2018-12-16_S2_RAW,2018-12-16,0.724128,SENTINEL2,Ninnis_Front,110.67737332491089,113.22027641163702,114.9649685160954,111.01548236854386,113.37675974999819,115.05449940687949,0.9775402148147156,1.0154097142283387,0.9627052027533022,112.95420608421442,113.1382587324423,255.0,0.02721397823758028,0.07065077200332728,-1.164664408452321,0.522541322624795,11.130632009677722,30.442307457833657,285.0986671312232,155443,0.09741147658509929,1330,340.8743961352657,671,1,1329,964.6318935578305,9.495429791919108,0.5679784667690594,0.47433468215868585,0.9621066173556079,0.22499397978623745,21.61241207818837,6.840694492917858,6.45168122586891,8.758484086852159,10.361421205918251,2.2520913576016,2.2147932093761136,801703,50.24032797405085,16361.765250654784,0.8806260625853295,0.9544647593197012,0.8912281523722831,1525.8077300464597,722.9458939262975,0.04875350296316583,696.7402234741761,312.8060278197437,1332,673,896436,837044.0,815282.0,0,255,76.0,255,0.0,227.0,0.045676936225634526,-1.9541152987030852,0,255,80.0,255,0.0,231.0,0.04109544241564069,-1.9575066760902806,0,255,81.0,255,0.0,234.0,0.04130813481927272,-1.9567086723991796,6.6754499887639165,18.152379601206935,252.91835529364894,0.03474226384152877,1.2905074138033092
Larsen_C_South_2018-12-19_S2_RAW,2018-12-19,0.119164,SENTINEL2,Larsen_C_South,221.78631438186372,230.92107153004596,233.53540790711858,30.31149333581238,30.473604549511762,30.643658296832257,0.9604420805440022,1.0113213417885571,0.9496903119289617,228.747597939676,30.431476314540653,255.0,0.05698044892656766,0.061116792748741426,-2.076918977617555,0.9994727979375907,13.478546925935321,21.764106102324096,257.45441883521397,312463,0.20362316196116562,1157,744.354938271605,1321,1,1156,613.3928705615639,11.873217899759554,0.13281552626060564,0.0347999271673596,0.6713601450511405,0.0012133341000069475,20.08668466148284,9.011971793650018,8.647272500391338,10.71111502512674,12.003801334213556,4.5069372708006465,0.5116359258944436,1511414,98.49450901782711,10743.614028991844,0.5144384500441319,0.9816859429771121,0.9555846925023916,1507.9276828818654,1293.0891640549662,1.2834919519599663,559.4912981805287,681.9456600016367,1159,1324,1534516,1493716.0,1472907.0,0,255,228.0,255,220.0,234.0,-5.3003836451066295,32.3265887662814,1,255,237.0,254,230.0,242.0,-5.638730647226558,35.50604902529882,3,255,240.0,252,233.0,245.0,-5.50309621602027,33.913381968001254,8.81440698171733,13.161601781707704,239.40853043374298,0.02357463704908066,1.8055250321450822
Shackleton_Front_2021-11-03_S2_RAW,2021-11-03,14.17078,SENTINEL2,Shackleton_Front,251.48742618731484,251.58449474978613,251.64363299179547,28.56440592529743,28.15824306595351,27.47664111918137,0.9996141711250219,1.0002350631423775,0.999379253896777,251.57185130963217,28.06294491496173,255.0,0.00981623661615932,0.08572880524118018,-0.011985753155543137,0.04666251323678728,0.25694429123910933,4.427307642647836,252.79877812644233,7075,0.0064254044599118335,445,1157.5,527,1,444,20.81714123008071,0.23122985986961672,0.9814791672879472,0.9715649148888472,0.9864800162604754,0.9439392234366938,23.708273014754365,1.903354376225279,0.12980150356308012,0.20287143831934878,0.267621219960649,0.09552114629824468,0.5485867509527323,1086579,98.68140710454473,4306.048773235279,0.6650349616580293,0.9958601259650847,0.9868140710454474,1388.4398627085952,1036.9038634855863,1.515727774693656,458.2498143255115,599.1314925099786,907,1214,1101098,1091096.0,1086579.0,0,255,255.0,255,255.0,255.0,-8.4303733040421,69.66888338711038,0,255,255.0,255,255.0,255.0,-8.471739934645237,70.26265158139012,1,255,255.0,254,255.0,255.0,-8.48016384346914,70.42797308283868,0.14103902881172875,2.4469792401467383,161.5928525647097,0.009672186003376916,0.36961645680552
Cook_Front_2020-12-15_S2_RAW,2020-12-15,8.422461,SENTINEL2,Cook_Front,237.82399402133626,239.3241558427606,242.40904293035098,19.62868737353571,18.007976857381,15.673177517611416,0.9937316740291384,1.012889994646073,0.9810854873494542,239.85239759814928,17.743558690769554,255.0,0.020760342301290705,0.02111643931520124,-1.7596721473530954,0.8937316691913495,3.0884286814943174,4.464693883248125,122.96007708014643,233517,0.15679690269765043,1309,581.8076923076923,1133,1,1308,98.0603662294849,4.863452428980273,0.34581318468602545,0.15453799170865326,0.9501457548613236,0.023920209893367045,19.50120325308065,8.181060070768265,1.869701762567112,2.337045784508184,2.651342108201307,3.233755783264196,1.3821120573831662,1255834,84.32400275029276,21794.254208496848,0.6184160688544549,0.8569069521009686,0.8372808360460244,1534.168769203606,1205.6278384837792,-0.3093564064794357,696.9517041057485,625.8237648551395,1311,1136,1489296,1455186.0,1308716.0,99,255,244.0,156,231.0,252.0,-1.6788948661874155,2.612748374177201,110,255,245.0,145,234.0,252.0,-1.7274902286420812,2.7691757130484635,124,255,248.0,131,238.0,254.0,-1.8180906016579523,3.0558028725013413,1.9645972978568942,3.089453002994777,149.9814803382219,0.23748517044492545,1.6895088238019178
Totten_Shelf_2024-12-07_S2_RAW,2024-12-07,13.956074,SENTINEL2,Totten_Shelf,228.63029221269656,236.32298026739667,240.60325845363718,20.3934842596924,20.067339289553903,19.615636463224472,0.9674484129893223,1.0181119846292377,0.9502377219743982,235.18551031124346,19.939205167904113,255.0,0.051420954818968495,0.029988154750937808,-2.602375610405418,0.9990381858705805,6.362184959603005,17.245036290714584,269.82118564379306,306496,0.18896934834009993,1195,632.9942028985507,1352,1,1194,309.6699253561236,5.5206852501877,0.3204379888337208,0.05269303187266384,0.6107304668412885,0.002787259469235838,20.228101619362057,8.640123065301246,3.892125500229845,5.070139274348304,5.871415889055952,3.299716572274824,0.7925148909520323,1610524,99.29645762623039,11406.036431249679,0.4652244668770658,0.9929645762623039,0.9929645762623039,1564.5717886810555,1384.9475960348307,1.5629166087855815,597.0397038479401,678.7199669175994,1197,1355,1621935,1621935.0,1620536.0,0,255,232.0,255,225.0,238.0,-6.365295674881632,53.183134453636065,0,255,239.0,255,232.0,245.0,-6.4999274910981235,55.30935980138611,0,255,243.0,255,236.0,250.0,-6.441366531094766,54.63944143954992,4.014268532763844,10.330406236612188,264.8824162613375,0.010700229716788138,1.803180708239686
Larsen_C_Central_2024-11-10_S2_RAW,2024-11-10,14.597473,SENTINEL2,Larsen_C_Central,146.00301574085188,147.7600477870094,151.40145365988215,109.1237885627011,110.24326119852275,112.7730113593902,0.9881088827963225,1.0246440491006017,0.9643435529274765,148.3881723959145,110.70345533010371,255.0,0.023891085478615657,0.02372256591061722,-1.4464681919126603,0.6371775781615155,5.739970463689168,12.23726298489409,285.0986671312232,160162,0.10226700959571322,1172,792.6030150753769,1164,1,1171,197.57178142040075,5.165009741955849,0.48617008952815993,0.3537383069587188,0.9918870686905322,0.1251325443924703,18.784747745377736,7.343137272715319,2.8165920455437363,4.226525058877181,5.3385492342810785,2.720658618035421,2.0821234565277,1010337,64.51227112167936,4865.141448540704,0.7125796698747706,0.9977966911851845,0.7380734963663831,1410.497220527161,989.592439721318,-0.5172268686886261,657.0164123455837,882.0642825116768,1174,1166,1368884,1012568.0,1011394.0,0,255,215.0,255,0.0,232.0,-0.556472031569153,-1.6271794511571498,0,255,219.0,255,0.0,234.0,-0.5662923081659629,-1.627710703481064,0,255,226.0,255,0.0,239.0,-0.5757822879252301,-1.6287224472981547,3.1513070634766462,7.322691890194877,247.57047257071852,-0.01554402954809198,1.4394774081789856
Ninnis_Front_2018-12-15_S2_RAW,2018-12-15,0.954066,SENTINEL2,Ninnis_Front,178.08392992324545,182.27141018313807,183.22283385221616,91.41900587593399,92.66855198504592,92.85524675137079,0.9770261268304068,1.0052198184455896,0.9719527101452168,181.1927246528665,92.27781348105886,255.0,0.0630132647954595,0.14816214097753846,-0.29262456012950905,0.8727477477477478,21.75723416493002,42.54527704151475,285.0986671312232,252128,0.1580010728591697,1330,738.9904306220096,1176,1,1329,2088.9348357104373,18.623688481952858,0.29230334066364866,0.12590130484697598,0.8766047432835403,0.01585525026512804,19.932278898263874,8.452790890009087,12.410810605876092,16.888648700264635,19.994449240108608,3.7119194345446944,1.6531667279935933,1262790,79.1352704958715,37514.4949981956,0.5967512117751181,0.8931134195753269,0.798765658697747,1529.0456627569642,1226.9464768618948,0.15870632480033814,639.4810410582922,654.7135533853543,1332,1178,1569096,1403338.0,1340803.0,0,255,228.0,255,163.0,235.0,-1.2631626502090074,-0.2164003399416523,0,255,233.0,255,172.0,239.0,-1.2853826450085217,-0.17036757297277072,0,255,233.0,255,173.0,240.0,-1.2837408048560914,-0.16887558853728635,12.955309121274762,25.412530507470603,273.25547671648883,0.04016830957285234,1.6700291110758763
Filchner_West_2021-11-08_S2_RAW,2021-11-08,10.920972,SENTINEL2,Filchner_West,96.75367829967809,101.26412240269242,99.16523631840796,114.51009312070508,119.62318295237691,116.98819841322313,0.9554586165752427,0.9792731518865503,0.9756814171139147,99.06101234025951,117.03267021413345,255.0,0.022313454433700277,0.03985612921845975,0.9676936894285506,0.4280344600526778,2.8641216072533693,12.815236736692107,273.6948828328526,83788,0.07662788996195494,1086,484.8536585365854,962,120,966,179.19785079664277,2.6261511360475938,0.6973123237342925,0.5712909130085889,0.9934211779379885,0.32637449204729724,22.267116622768512,5.985812783573339,1.7448653072357767,2.364211209066441,2.8526063014561975,1.481603181333518,1.7853785777518691,452668,41.398522095405326,3067.987119608152,0.7826486360865426,0.9881319290075279,0.624075844841261,984.9461942611697,613.0932955896972,1.0316209424819558,813.7386527493046,346.62317886930146,699,965,674535,426017.0,420961.0,0,255,0.0,255,0.0,233.0,0.36075238078785954,-1.8482568861879722,0,255,0.0,255,0.0,244.0,0.35510148856323354,-1.8564871817034942,0,255,0.0,255,0.0,238.0,0.35318697589867293,-1.857208249811601,1.7965934147837432,8.044110152457016,274.36882111493645,0.10475496927521762,1.1730452356169623
Crosson_Front_2019-11-03_S2_RAW,2019-11-03,7.446045,SENTINEL2,Crosson_Front,14.455680172600797,14.935487716459416,15.58014641362827,52.478363766413516,54.20786750948583,56.534421889353574,0.9678746651556184,1.0431628822106762,0.9278269785618534,14.990438100896164,54.402072822306245,255.0,0.005116528426017855,0.019883988619845763,-0.1733479543660334,0.07158281887274014,0.742633411150067,8.166814801029465,285.0986671312232,12810,0.012517075401455146,233,1212.0,616,1,232,72.97066168999764,0.6802250801975781,0.9433055333176773,0.9290196146024233,0.9874758628413803,0.8630775043794902,23.424378689898983,3.074991826221254,0.36566746646771076,0.590502923829026,0.7809964051249535,0.29531292086676747,1.0638216282861537,72501,7.08431290929664,1570.6244584051392,0.9493815687526972,0.9930963632627903,0.5005385029617663,596.0247138976041,187.22637831942032,1.3638334312497224,77.43843533192646,1006.7796857974373,234,619,144846,73005.0,72501.0,0,255,0.0,255,0.0,0.0,3.3747712598864656,9.472225058633489,0,255,0.0,255,0.0,0.0,3.3720005242335946,9.445525627772735,0,255,0.0,255,0.0,0.0,3.368978230866156,9.415515354558782,0.39494517940419177,4.785677553272079,241.12266357372732,-0.004743732310714507,0.49405640679346335
Filchner_East_2021-11-08_S2_RAW,2021-11-08,11.330968,SENTINEL2,Filchner_East,136.85841711050858,144.4531208166998,142.4541227386603,107.42605846236515,112.41796761107555,110.26049089077965,0.9474244400996843,0.986161613768977,0.9607192440578685,141.25522022195622,109.99833284333236,255.0,0.04563666344447482,0.06212324085909541,1.0627444217399062,0.6568918706315421,6.84624540326921,18.318537672625247,285.0986671312232,139212,0.12808040400731982,1097,396.00401606425703,986,1,1096,379.27494306135463,6.130884290755909,0.5001483383808397,0.34076603112531045,0.9842351335870845,0.11612265616653221,21.424672305276143,7.341479562451833,4.131312375306896,5.419617072718272,6.342257310768188,2.520014066105091,1.9889043023264947,668322,61.48819912577939,8523.226294088163,0.8040683489126929,0.9285535896910007,0.6123086434859892,1348.1371234111907,801.5172262363147,0.5935421858799282,672.6034949851621,369.7598888095864,1099,989,1086911,716733.0,667975.0,0,255,196.0,255,0.0,236.0,-0.38247795829425674,-1.7241159165079398,0,255,211.0,255,0.0,246.0,-0.4154197130235284,-1.7275253454991744,0,255,210.0,255,0.0,241.0,-0.4292130289749174,-1.7233632582826741,4.2816735522631655,10.993929695144939,285.0986671312232,0.08248031902632334,1.4778747534078613
Pine_Island_East_2022-11-30_S2_RAW,2022-11-30,11.198399,SENTINEL2,Pine_Island_East,19.960016318333018,20.12816920856085,20.23842214272265,66.53145603255894,67.09269328655016,67.47670398954334,0.9916458924512879,1.0054775440785924,0.9862436991122667,20.10886922320551,67.03007378706236,252.66666666666666,0.0012502614320675693,0.007081756944530474,-0.10704428933112595,0.08341931839578234,0.5531716835492951,9.803019223185979,281.93096574240377,12684,0.015921672001506307,676,285.8086124401914,624,468,208,105.93232177034723,0.531827271543047,0.9606156830579228,0.917321411695094,0.9882521096011118,0.8414786579740321,23.707770037030063,2.6404575021361714,0.30638975872294355,0.4979350004839672,0.6763509370360277,0.18315784772011084,0.6138203650285209,65787,8.257955187347015,1591.9320702497141,0.9597640451427955,0.9889807576668671,0.4996354522670312,600.6269820723722,168.66069558743607,1.390890224400217,607.6084484776627,208.67525498958761,210,627,131670,66520.0,65787.0,0,251,0.0,251,0.0,0.0,3.033533727436849,7.2034440855432535,0,253,0.0,253,0.0,0.0,3.0336555172697004,7.204482674110901,0,255,0.0,255,0.0,0.0,3.0353807176319014,7.2170284902163555,0.30685381206218637,5.723769479690361,267.03474597054884,9.416547781941129e-05,0.5125700272427688
Dotson_Front_2024-11-01_S2_RAW,2024-11-01,11.208858,SENTINEL2,Dotson_Front,12.137283735453769,14.318112666339887,18.267616142911606,26.42101462137557,27.422762867687826,28.199469339874447,0.8476874025375044,1.275839670247108,0.6644153041335372,14.907670848235085,27.29025688435788,255.0,0.38438312550961407,0.31097623079212705,-1.7356103911154497,0.702488971188933,3.705111393098996,11.834695911935475,267.21662040790466,136786,0.1241635350289563,901,909.987012987013,1046,1,900,157.62869364646585,3.334936299000192,0.6524578589053347,0.3071996884706701,0.8922187584490487,0.0943782110684387,20.88945681970844,7.077476593235804,1.9729827184347488,2.843854488057769,3.528231180278518,1.7664257021702026,1.7430569661404904,91659,8.320080605631501,5853.460746079819,0.9929956175432019,0.49086652888919363,0.13063458756369986,969.4396503135121,114.54044766779771,-1.1241748680624915,463.7523545374731,743.9703487908054,485,791,383635,102097.0,51690.0,0,255,3.0,255,0.0,12.0,5.270896541832878,37.43293364935719,0,255,5.0,255,0.0,14.0,4.747877848836547,30.776409493667998,0,255,11.0,255,0.0,20.0,4.33894690802084,26.804134122483557,2.113435187972381,6.76967266007398,229.72550044684976,0.06700538251065534,1.4822055132159733
Thwaites_East_2021-11-02_S2_RAW,2021-11-02,26.779446,SENTINEL2,Thwaites_East,83.65693530641676,88.38572546320852,87.94153622603962,108.4249805077451,114.07281955512066,113.36453479897803,0.9464982593953497,0.9949744233591962,0.9512789848393698,86.66139899855499,111.92985812890653,255.0,0.022376295969986155,0.03625249832076206,0.51231341985876,0.3376666213722456,2.573006356272612,11.141828904374327,285.0986671312232,53902,0.059067577815084794,761,1039.0425531914893,553,1,760,137.0828069274218,2.2944791231943613,0.7458800411470811,0.622708469572818,0.9944930985686912,0.3877663396131039,21.515240842125564,5.899415014573695,1.2633527836246818,1.9191082437008309,2.4406018782038728,1.3080870663335071,1.8596317065317989,345421,37.852365026278065,2621.5533905932734,0.8025126642094965,0.9984910809006108,0.8157014157014157,885.9512308161216,528.5895872582049,0.2087819768909731,352.2192252352926,965.2639937930815,763,555,423465,345943.0,345541.0,0,255,0.0,255,0.0,213.0,0.5655714330172,-1.6057419609866124,0,255,0.0,255,0.0,229.0,0.5415169047145929,-1.661517193791034,0,255,0.0,255,0.0,227.0,0.5355000976082164,-1.6732729898955192,1.3941871141007132,6.252415453509912,180.31222920256963,-0.03785934453593412,1.0445374928894084
Larsen_C_North_2019-11-20_S2_RAW,2019-11-20,2.422032,SENTINEL2,Larsen_C_North,228.648685515873,228.29485078964245,231.56584195125862,45.03460782750591,43.772308398168725,43.817659438223906,1.0015499023517462,1.0143279235173321,0.9874024752057414,229.5031260855914,44.169510266395704,255.0,0.029002176684280453,0.08520688223506087,-1.5684104962848926,0.9764328553391053,9.520425799306606,25.07339099946228,285.0986671312232,283763,0.17772153579445246,1186,680.6666666666666,1341,1,1185,678.3062172130142,8.405688950983924,0.502458504792901,0.19887289853631682,0.8245361725956806,0.039587666258458894,20.84736501924002,7.8768870181970225,5.770374097351639,7.491961850354578,8.6527136582949,2.5885581063294403,1.8291224188167523,1540632,96.49019961519961,15159.021817754277,0.48132352416805696,0.9765678133850355,0.9640514770723104,1546.7989869630132,1355.8358546346858,1.4728952468750816,597.2996808885227,657.0198086890314,1188,1344,1596672,1576208.0,1555139.0,0,255,242.0,255,237.0,243.0,-4.169076394581688,17.08572302265497,0,255,240.0,255,237.0,241.0,-4.360982632366737,18.578559581948458,0,255,243.0,255,241.0,244.0,-4.403862238335071,18.905302104168477,5.9873973813039205,15.170446127586896,285.0986671312232,0.15826766270629758,1.7679059196784823
Fimbul_Front_2019-11-05_S2_RAW,2019-11-05,0.000676,SENTINEL2,Fimbul_Front,14.653468320584851,14.993656783772197,14.843127383289334,57.98555173735181,59.32942939568672,58.7785037626768,0.9773111744392291,0.9899604610968034,0.9872224324493283,14.830084162548786,58.68743364479396,255.0,0.0015397537470158787,0.010562240948505908,0.12963277535059278,0.06092054197973781,0.5548266242934327,10.603391741004598,285.0986671312232,7056,0.009950585527651797,773,1.0,189,324,449,118.58194508427412,0.5453920429557934,0.9746332040334229,0.93935589299696,0.9825745034784648,0.8823897602917982,23.810249272321126,2.059678132878996,0.2923733132545948,0.508087952763192,0.7152764009399645,0.11745316748981549,0.4622744793649539,42577,6.00433786863422,1163.1564209736036,0.9371543764956212,0.9889898027920373,0.49278935185185185,433.4689488456766,151.2438166653077,-0.2495022216544904,478.16487775089837,63.65955797731169,450,192,86400,43051.0,42577.0,0,255,0.0,255,0.0,0.0,3.705560702000719,11.736116230109142,0,255,0.0,255,0.0,0.0,3.7050560569414888,11.730860431640709,0,255,0.0,255,0.0,0.0,3.7112995447237433,11.785068925262163,0.29543347271149767,5.963379796642498,274.41802054529876,0.014694026665291222,0.41326085020274655
Moscow_Uni_Front_2018-12-19_S2_RAW,2018-12-19,5.725362,SENTINEL2,Moscow_Uni_Front,80.06133048370951,84.45383992863832,86.75298988504633,104.2723245286916,106.50366467623562,106.42124293734,0.9479892276214417,1.027223746821317,0.9228653743197092,83.75605343246471,105.71217463588827,255.0,0.5060543770784603,0.3645849308823867,-2.1024973071075586,0.8625238141367174,5.826975300692963,20.884576236491544,273.810381468636,127829,0.12898886790015823,835,467.25892857142856,1181,1,834,472.2464939630666,5.229743128513834,0.6859586054452776,0.27127724131952086,0.9788829412222638,0.07361632598422767,21.69117000064581,6.631151666691712,3.5161160100676323,4.711555935930641,5.631683100999023,1.5936290405484945,1.694897454356978,358642,36.18961703639123,4076.8531726798838,0.5902200807087373,0.907872399862472,0.7628882267966774,756.8906063098923,610.994172683932,-1.0191083689664224,268.48970383739163,297.65592473150093,624,710,443040,372288.0,340033.0,0,255,2.0,255,1.0,223.0,0.6148030550072847,-1.5723635810181562,0,255,5.0,255,3.0,229.0,0.6060742056003342,-1.5877222641141697,0,255,8.0,255,5.0,230.0,0.6031361315272865,-1.5908678835046486,3.6094874097598644,12.695876016368242,233.5679772571574,0.19168097678754673,1.60886525342567
Filchner_West_2021-11-09_S2_RAW,2021-11-09,24.634933,SENTINEL2,Filchner_West,76.45324937810945,81.9677924714662,83.41035905033655,94.93263627809704,100.28025528908746,101.12229494868242,0.9327230497836124,1.017599187867244,0.9165917788686141,80.61046696663742,98.7117583288057,255.0,0.04524471743229318,0.07915844331455126,-0.48434995144370746,0.4015309482001756,4.5734157798743995,12.533553278284257,270.51804725172934,70963,0.06489885133157741,1086,525.2216216216216,962,120,966,188.64513188607603,4.075899374830098,0.6705539354933281,0.5718575856860492,0.9902437317993592,0.3270223891628115,20.73131676177934,6.451800000041165,2.200639077019361,3.3887912180890214,4.340777374624799,1.7651094256978985,2.1827238302536283,445511,40.7439822944103,3153.4551570396875,0.781817840807656,0.98637127183451,0.6224198892570437,982.5699178503224,612.6391309559549,1.0370363290509121,814.7238140833261,347.3056373319614,699,965,674535,425645.0,419913.0,0,255,0.0,255,0.0,173.0,0.6059847241838978,-1.357161953507245,0,255,0.0,255,0.0,188.0,0.5339658868654077,-1.5108245717388158,0,255,0.0,255,0.0,191.0,0.49380373822698687,-1.5842906121479552,2.4592490716440545,7.564365814387189,248.50530957886772,0.020331092699714896,1.1174584301861878
Totten_Shelf_2021-11-13_S2_RAW,2021-11-13,3.320808,SENTINEL2,Totten_Shelf,220.5378538597416,222.6494520433926,224.9808124246656,69.9142137075634,68.17328503846583,65.95312991183224,0.9905160414078247,1.010470990877254,0.9802518334024164,222.72270610926674,67.98033302716874,255.0,0.048226825584586436,0.11743543970631071,-0.7619994478423519,0.9341385443929627,11.802862864412308,27.45649096952065,285.0986671312232,315831,0.19472481942864542,1195,626.8430379746835,1352,1,1194,834.522030475502,10.043826994993124,0.49280574197868215,0.36674212395363776,0.9093704646244993,0.13465192892222363,22.054269129157458,6.6201465896735465,6.880673222800607,9.187819307428013,10.752588584403629,2.5104717124566434,1.6168758545085444,1358814,83.7773400290394,16978.56023591465,0.7081960638504182,0.9298274352529161,0.8119289613948771,1597.4228035641363,1127.8057672150712,-0.9954861504461007,669.3235965482468,745.0200729594441,1197,1355,1621935,1416280.0,1337457.0,0,255,253.0,255,245.0,255.0,-1.9789778746136146,2.387367193734745,0,255,255.0,255,248.0,255.0,-2.030618493232979,2.6289514789258615,0,255,255.0,255,252.0,255.0,-2.076153245071819,2.8383837434179604,7.16497981639728,16.42171329074741,285.0986671312232,0.09330866381192042,1.7062636569669678
Cook_Front_2019-11-04_S2_RAW,2019-11-04,11.041351,SENTINEL2,Cook_Front,235.31395706427736,234.52535829009142,240.7575351038343,8.367592896749192,7.548896374634037,6.591457780492262,1.0033625309426462,1.026573573361442,0.9773897916121007,236.8656168194011,7.440318759306227,255.0,0.0273841199318907,0.010717229264848367,-1.899659559668704,0.9964708157411287,3.184473898312116,5.287615446612918,136.8342468503814,299061,0.20080695845553873,1309,569.6633416458853,1133,1,1308,110.75736370216201,4.780173413303692,0.2678874162398286,0.05015153247779373,0.6419895276739293,0.002532479116460153,20.008884734800873,8.86093636018905,2.1376685020268793,2.465272383034753,2.62868940078892,3.5073410253303567,0.6313439820557627,981519,65.90489734747156,51341.53181917474,0.6758087824696571,0.6857949935978261,0.5653382537789667,1473.274096578568,1085.9164369003113,0.8325697568117343,510.5635056938842,649.1998417969585,1311,1136,1489296,1227708.0,956111.0,90,255,236.0,165,232.0,239.0,-2.01056663419496,17.885800607692147,101,255,235.0,154,231.0,238.0,-1.4300526507706224,14.291951936640597,113,255,241.0,142,238.0,244.0,-1.8417063654455974,17.261584000696143,2.1991392604004054,3.8256103373558674,126.22301691846856,0.31005738117613807,1.7725729186638082
McMurdo_Sound_2023-11-09_S2_RAW,2023-11-09,21.903992,SENTINEL2,McMurdo_Sound,17.539035692271085,18.47059143684206,18.946425520119384,56.882081183009824,59.80701512123637,61.32429373732796,0.9495654620561951,1.0257617134135528,0.9257173957986773,18.318684216410844,59.32929633717401,249.66666666666666,0.006571043648230926,0.023761769189865986,-0.23819463965628457,0.088327580598411,1.2289255018542526,9.357395716319918,258.3399192708879,14410,0.0182391441651826,191,3.0,674,1,190,95.84856597094269,1.1200429616419187,0.9244048746267607,0.9125241896531148,0.9867441337572241,0.8327004650765998,23.607340717591978,2.962683054177294,0.703617063924024,0.9695600643248224,1.1748722902787394,0.3959817992355272,1.2701228050098325,68932,8.724918012452235,1627.97265478953,0.9730469338882078,0.9952211137259431,0.5303114229443624,676.5553099338858,156.01850184494333,-1.4300131898992068,63.89359078512157,237.42401206986597,192,677,129984,69263.0,68932.0,0,248,0.0,248,0.0,0.0,2.9534284026397994,6.787086512586129,0,251,0.0,251,0.0,0.0,2.9368404060660707,6.652283016281359,0,251,0.0,251,0.0,0.0,2.93279600636655,6.619056002421013,0.7410436528158985,5.365731687270806,165.82160762565158,0.004490265758340446,0.5346749880968045
Moscow_Uni_Front_2021-11-10_S2_RAW,2021-11-10,8.134232,SENTINEL2,Moscow_Uni_Front,172.63168914882624,180.24694149794956,181.4954339420065,91.4129892226395,90.04197004791548,86.17474542688882,0.957751003784407,1.006926566595697,0.9511627119164462,178.12468819626082,89.09543425133204,255.0,0.14065934370053024,0.1959392567790569,0.4603731712481733,0.9962644095708612,14.341909064204343,27.90550953052271,267.7200289274018,196142,0.19792171203461525,835,507.93498452012386,1181,1,834,896.0306193119353,12.325794580336826,0.3677461695200728,0.0949962431187079,0.9441281562590803,0.009033326458520214,20.00865280603184,8.600682336781134,8.111723199715199,10.64248719312335,12.277915196652112,3.293093738349517,1.5789457094050412,663146,66.91631147276308,4733.49678760003,0.4272605321759104,0.936994047175019,0.8402522740925371,962.0351278793355,869.8034266655285,-0.5357173239394408,402.2781276322012,379.27222035574226,837,893,747441,670270.0,628629.0,0,255,237.0,255,85.0,241.0,-0.8161289115007392,-1.0701522167237203,0,255,241.0,255,100.0,245.0,-0.9234926179155699,-0.8598562246732491,4,255,239.0,251,107.0,243.0,-0.9620503993041354,-0.7858937003030309,8.658376346041262,16.63661460756122,167.38113527050905,0.052236483673981746,1.8245862092071332
Totten_Shelf_2022-11-28_S2_RAW,2022-11-28,15.073687,SENTINEL2,Totten_Shelf,236.77697133362312,241.62509656675513,246.04316387524779,15.061865638504573,14.770807667329821,14.654794494854452,0.9799353407319153,1.0182848030737164,0.9623391587241207,241.48174392520866,14.783210893634017,255.0,0.038128356096858294,0.013980707965756612,-2.5267023812192115,0.9970596848825631,7.451421669474981,14.853583335236785,273.39856945086194,337069,0.20781905563416536,1195,561.788643533123,1352,1,1194,251.20048235113737,6.425469782783092,0.24335779363224208,0.0743176411412638,0.42361700874289904,0.005531567872248191,20.35733059586235,8.823021742547414,4.865445117054516,6.035842099638548,6.771211768665263,3.7115320078765,0.6499726367318078,1614206,99.52347042267415,8840.16096399321,0.4709235928563356,0.9952347042267415,0.9952347042267415,1563.1842100555384,1379.0004703474183,-1.5556617234502703,596.4711976042711,675.3676829351397,1197,1355,1621935,1621935.0,1620789.0,0,255,239.0,255,236.0,242.0,-7.99332413021617,88.04967682944051,0,255,244.0,255,241.0,246.0,-8.454479195237955,97.51238396622546,0,255,249.0,255,245.0,251.0,-8.80770671958184,104.54070222778228,4.940363590304713,9.35351153174705,267.2896888729114,-0.04254370437717882,1.7959120901228303
Cook_Front_2020-11-15_S2_RAW,2020-11-15,21.416098,SENTINEL2,Cook_Front,238.34805303982552,242.48638014202683,244.8208576401199,8.6584844427281,7.6324420903886985,6.695684947323357,0.9829337750851173,1.0096272520404024,0.9735610574083252,241.88509694065738,7.590237474819153,255.0,0.026693245173533376,0.013187995584224928,-2.261582530412706,0.99337807930727,3.329064871224309,5.191467562461117,146.3293469464611,303070,0.20349883434857813,1309,519.6328767123288,1133,1,1308,113.76810223558698,5.109853240388104,0.2533876989826877,0.05003844059408966,0.6477786063178911,0.002514170116136345,20.26042170260311,8.831736375681572,2.3276757109476645,2.6452080681972174,2.7956876008838587,3.5788948833537346,0.674187869049234,1171663,78.67227199965622,23875.2850507064,0.6547308780414801,0.8386668388888441,0.6975544149719062,1462.7882961694659,1105.6661977144508,0.9045251549488723,495.79494352009164,617.747176967171,1311,1136,1489296,1238710.0,1090177.0,89,255,239.0,166,235.0,243.0,-2.3611446649563343,17.433561520419712,104,255,243.0,151,240.0,247.0,-2.3159085154736374,17.21171137997985,114,255,246.0,141,242.0,249.0,-2.4986094925290514,19.495723070543814,2.363301012700243,3.789809166309358,129.4030095820375,0.2720335355650481,1.7787543891040392
Ross_North_East_2024-11-01_S2_RAW,2024-11-01,26.055735,SENTINEL2,Ross_North_East,4.402514637111384,4.504518964752414,4.71480744029176,28.849614743976908,29.46342706373228,30.834755439746267,0.9773551119360484,1.0466838916830348,0.9337634023809831,4.540613680718519,29.706322930281768,219.0,0.0015382876425960566,0.012874648344430306,-0.0538201821748037,0.023417685084537995,0.22490010526555607,5.141323892850779,232.50283749761948,2163,0.003662240824080376,158,1.0,166,1,157,38.09363287324994,0.24251922892054356,0.9838650341480264,0.9771551292226984,0.9836444261832203,0.9548322302623234,23.820988720365985,1.7266324390579963,0.11644672414066654,0.1990974231161374,0.27634484128038955,0.08200053537360612,0.5270123748082952,13509,2.2872497130144156,575.4335495461293,0.8190191126083748,0.9859144650415997,0.4995931952662722,190.65661229822092,109.39232674182954,-0.8441114123839736,52.69338959212377,55.93759715745059,160,169,27040,13702.0,13509.0,0,217,0.0,217,0.0,0.0,6.4194941400891805,39.312036772894906,0,217,0.0,217,0.0,0.0,6.397555754382856,38.99202372213173,0,224,0.0,224,0.0,0.0,6.394321213891446,38.93309011741717,0.12019492701945259,3.158034149478704,219.20259528066217,0.0032447332241213665,0.28941905680761376
Wilkins_South_2020-11-13_S2_RAW,2020-11-13,3.600714,SENTINEL2,Wilkins_South,11.514027606667407,11.819495131856145,11.76190390097208,51.06937423405875,52.418853107854055,52.16072091110935,0.9741556198569893,0.9951274373108917,0.9789254956944445,11.698475546498546,51.882464352349075,255.0,0.0012734058367947203,0.005939945004852127,0.12256776994543594,0.04904475214178528,0.5051777762847991,8.242320995261435,284.130056292693,11004,0.00947370324166983,925,1161.0701754385964,172,284,641,71.1979517436559,0.47246690711290645,0.9671904694570709,0.9515061028668798,0.9865004197549304,0.9053638895125017,23.794485898353123,2.147999999250045,0.28713855373051744,0.4383641535969307,0.5717380916165448,0.1615585744069394,0.7266557989602557,56237,4.841627128333208,1525.0376259469856,0.9733908966214652,0.9944123211854367,0.5018651388591419,614.633706787888,140.84390383211982,-0.14146863512680916,711.2247986201255,1194.4476945783026,644,174,112056,56553.0,56237.0,0,255,0.0,255,0.0,0.0,4.213778064905654,15.772047024157775,0,255,0.0,255,0.0,0.0,4.212450214199103,15.757157726159619,0,255,0.0,255,0.0,0.0,4.21184145747131,15.75067033646351,0.29380153518373464,4.699944016801528,272.42761525872436,0.0006514918953033954,0.38728284786269346
Dotson_Front_2023-12-07_S2_RAW,2023-12-07,5.791197,SENTINEL2,Dotson_Front,3.3096381823793184,4.8305647840531565,7.074029192309787,19.9634353287243,20.130015403037536,20.054722205729046,0.68514518079474,1.4644310776074048,0.46785758050453863,5.071410719580756,20.011331648788538,255.0,0.5061504890417398,0.33291701255931544,-1.7708137947014693,0.6713223680627417,0.8530631055923917,9.112191744544495,268.2030998660861,158712,0.14406622732966615,901,838.1206030150754,1046,1,900,86.21337267635552,0.7548829702625549,0.886274857876867,0.4214972874161622,0.8893620848134517,0.17767030066992762,22.633316994353976,5.455863104700769,0.4902210451357283,0.7280931968284455,0.9322810410833958,0.552538181444043,0.5956497788534482,8268,0.7505037851968847,296.54520189781084,0.81010503874008,0.9549950544015826,0.5485795454545455,99.3562370576444,58.251048140112836,-0.9263163721379044,875.1224754013465,1188.0877783531848,80,88,7040,4044.0,3862.0,0,255,2.0,255,0.0,2.0,11.361948869284575,129.66273578274692,0,255,3.0,255,0.0,4.0,11.08571173376212,124.25558472234097,0,255,6.0,255,0.0,7.0,10.645066952903376,117.24851713951256,0.49464220196120234,5.115425695743819,172.29851356810303,0.22277349443520844,1.3871490545676504
Thwaites_Front_2021-11-02_S2_RAW,2021-11-02,26.779446,SENTINEL2,Thwaites_Front,158.49012704846584,167.1453680700837,166.37616043410043,105.09455595303808,109.9174990409477,109.22758909200812,0.9482172846208724,0.9953979721665978,0.9526011817729536,164.00388518421664,108.02992445523151,255.0,0.03963745313606007,0.04029011870717227,0.9973549388291452,0.5941662308228731,4.106519986750785,11.478619077888483,285.0986671312232,91140,0.09930700836820083,766,863.6666666666666,941,1,765,154.0813725708555,3.657939736421785,0.5507375363614173,0.3223789304176999,0.9933524855317314,0.10393883710938472,19.468916710251047,7.1760616556911705,2.006807442257193,3.0115990304459728,3.8079810243500405,2.3224191057712504,1.9654500296462665,644768,70.25453277545328,3449.9737008100565,0.5247269298519582,0.9990997119388114,0.8902880876634853,1007.3608001560941,857.536641441633,1.1487042638594684,367.874092696908,772.6317109409896,768,943,724224,645349.0,644943.0,0,255,214.0,255,0.0,237.0,-0.7725192209563374,-1.2654854349347668,0,255,230.0,255,0.0,251.0,-0.8221068101974599,-1.2475056947341878,0,255,229.0,255,0.0,247.0,-0.830670041567431,-1.2401635983124555,2.2244240453100352,6.486884517252373,277.05138913606305,-0.07639916118188272,1.3860487966041328
Pine_Island_Front_2019-11-06_S2_RAW,2019-11-06,1.003342,SENTINEL2,Pine_Island_Front,0.4475411832845705,1.0927211170134754,2.5524053722839666,0.886197774099825,2.044090975088024,4.697301116952967,0.4095657860688116,2.3358250630557804,0.17534095019811197,1.3642225575273377,2.526394442694261,148.0,0.19192454806014125,0.3495762485394496,-0.5559222097203894,0.2135850773204205,0.084830107852673,0.5176708602103853,78.16257985051985,30115,0.03742974543050111,681,821.8256880733945,854,308,373,0.8491199646797916,0.1295260950590695,0.9549137613737244,0.7708150433876261,0.9754470851243173,0.5941569375390476,23.575521953232393,3.2264530106590277,0.06006958095055262,0.07604330425893138,0.0887332279505593,0.20615421823788477,0.4050511616524803,186893,23.228814254499895,2280.8275605729687,0.9442828430982227,0.9950644233840912,0.5829021442495127,911.3531470555097,299.95830666938446,1.3580746851226901,551.4809917974457,680.3892066583553,375,855,320625,187820.0,186893.0,0,124,0.0,124,0.0,0.0,5.966741233100715,511.87218742698724,0,152,0.0,152,0.0,0.0,2.0644639990938347,40.37108949771689,0,168,0.0,168,0.0,0.0,1.4238233362099069,2.16925373091577,0.05703555886424557,0.32469389793407516,71.17369208102419,0.07202340872965536,0.7826768447142486
Moscow_Uni_Front_2023-02-26_S2_RAW,2023-02-26,18.913713,SENTINEL2,Moscow_Uni_Front,6.338546207497821,9.814785551680712,12.598398802027834,28.748752706572997,31.226535881996043,32.4952710243913,0.645816067407383,1.283614271097557,0.5031231593039631,9.583910187068792,30.799748767048094,255.0,0.767567637381534,0.12926939483195374,-2.652098899174786,0.846308001549937,2.9368234901306454,17.504354986854814,272.87812704982827,102366,0.10329482708514967,835,323.64285714285717,1181,1,834,331.0723577488506,2.7395536247689622,0.8611001765184958,0.49876717136438925,0.8284164417418857,0.24879148918205077,22.54506623559043,5.347877961083497,1.6656900041001133,2.4513097241532122,3.141490128949023,0.7001015522354803,1.0475038788129807,24342,2.456286932093384,311.24368670764585,0.9121501599566283,0.7919463087248322,0.544405997693195,105.50037750426543,43.239981378714084,-1.432236140682951,17.68326271186441,162.857697740113,51,102,5202,3576.0,2832.0,0,255,1.0,255,1.0,2.0,6.381580402965108,40.774666940400735,2,255,4.0,253,4.0,5.0,6.252584147570287,38.6984391290613,4,255,7.0,251,6.0,8.0,6.18154028148302,37.57116254927742,1.7242068123533678,10.12112955041348,188.45165899449594,0.32271354818193637,1.5329393390936186
Wilkins_North_2019-12-09_S2_RAW,2019-12-09,12.08267,SENTINEL2,Wilkins_North,153.31870047850597,158.6854848694911,163.8190950922183,93.62021045396094,94.22061754842154,92.9444086897162,0.966179739782151,1.0323508493977636,0.9359024989858786,158.60776014673849,93.56955067032823,255.0,0.19417118276161152,0.24965091790888794,-2.1364824534680253,0.9385312283899507,6.823329711250025,19.12853867133838,266.2948449453058,158276,0.13331457830239454,941,555.6303317535545,1256,1,940,412.1379385898376,6.171539964273248,0.5097195003812717,0.07512723781079113,0.9770648304613497,0.005662017406403919,18.61603285611887,7.544018789479185,3.94798460465712,5.321509895036398,6.347800294182253,2.5992506915666787,1.5492046914729398,848151,71.43906397795891,9676.918682243588,0.7235502216557177,0.7828004226676318,0.7132156427065531,1443.88273411987,996.6714490141796,-1.0406943374087319,524.1794271313106,759.1791755830487,943,1259,1187237,1081701.0,852258.0,2,255,195.0,253,22.0,227.0,-0.7176999670643414,-1.1991279365043799,2,255,202.0,253,26.0,232.0,-0.7433001336991188,-1.192067537477924,3,255,209.0,252,33.0,236.0,-0.7622136759792589,-1.1891460941360357,4.13996340545496,11.695852359195188,221.23391341393489,0.19859863090789437,1.6746023762707183
Crosson_Front_2019-11-06_S2_RAW,2019-11-06,12.187252,SENTINEL2,Crosson_Front,156.1468943777714,159.5234404466671,164.69351828509227,98.30388040085168,100.24135599812779,103.26280635563377,0.9788335428352145,1.0324095181488417,0.9481058878551549,160.12128436984352,100.590631024241,255.0,0.038032676035809676,0.028409676977590843,-1.7184115181572368,0.7082436813686117,3.63565686810149,9.566714366766442,285.0986671312232,89352,0.08730879947469324,841,825.6788990825688,1033,1,840,118.85187371014295,3.4507667703520326,0.5004330015382201,0.2808505582871839,0.9940838680586529,0.07888034245189689,17.267588884915213,6.9084834021452695,1.6783557490464396,2.694134629679747,3.5978916269630017,2.630007653609093,1.7868891637844235,736599,71.97552867788025,3544.7909806465095,0.5650761528932607,0.9993677626803606,0.8558108894705839,1096.6560011450847,904.7836979795989,0.9851911150689981,395.35528150323313,771.754140312436,843,1021,860703,737065.0,736599.0,0,255,209.0,255,0.0,221.0,-0.9162574940313644,-1.0674596482417429,0,255,214.0,255,0.0,226.0,-0.9287892027591481,-1.0630526843876122,0,255,223.0,255,0.0,233.0,-0.9434566422119028,-1.057542548301118,1.9093402517597642,5.547008371340965,285.0986671312232,-0.06807718751456225,1.5307179380099663
Larsen_C_South_2021-11-09_S2_RAW,2021-11-09,22.6689,SENTINEL2,Larsen_C_South,87.92275935865119,87.43220207544267,82.40943593941022,88.09849369867001,90.43916482799071,88.16232642305275,1.00561071632034,0.9425524461594514,1.066901603636601,85.92146579116805,88.83264668929996,255.0,0.10548134826804345,0.19789802503646603,0.733020787136429,0.6186556542909947,6.4561796857065135,11.89407264467854,283.64651808584256,134487,0.08764131491623417,1157,609.9921568627451,1304,1,1156,208.16093675151464,5.928924009848523,0.4775544125574005,0.37835398798902337,0.9867329066303764,0.14315407185263918,18.656124145984794,7.30507858760165,3.0668230847236595,4.681562826498791,6.045871766252208,2.834763082125386,2.2727753437173854,631236,41.13583696748682,17203.17285994847,0.9477357762851433,0.7461241801453566,0.39043169024823526,1715.3320191424634,547.2874221911945,0.7359770604205798,600.3866013110575,558.6017794129831,1159,1307,1514813,792671.0,628077.0,0,255,66.0,255,0.0,171.0,0.40605378376370244,-1.3861715614022072,0,255,60.0,255,0.0,173.0,0.4662335463811437,-1.3432657083974702,0,255,50.0,255,0.0,164.0,0.5320579556071581,-1.2717527641942812,3.5008484300588547,6.964675572067544,251.68940294647996,-0.06285224600013904,1.3925124728193596
Thwaites_Front_2021-11-01_S2_RAW,2021-11-01,8.284127,SENTINEL2,Thwaites_Front,41.29549446478382,43.788482827754535,43.53508869421199,85.12787468348796,89.78247569186883,89.13564815889397,0.9430674871090787,0.9942132241795472,0.9485565713382643,42.87302199558345,87.99176160341806,255.0,0.013131623597863707,0.03387636043798961,0.2646571023317572,0.18044477859135286,0.9023188852484243,9.625029167320047,280.7759585307989,23703,0.02582701359832636,766,876.5333333333333,824,433,333,100.3400595404737,0.8652086255397892,0.9020260269499977,0.8028524142159927,0.9934725668946452,0.6445725698363804,22.811923596582986,4.121189403662137,0.4664447888830166,0.7582333981874108,1.0282483426897946,0.49799915293749814,1.112616067278769,180096,19.623430962343097,2204.2062402294096,0.9483914629706075,0.9950165195195527,0.6500604594921403,891.27664050595,282.625541399408,1.4051255124882065,641.4488161869225,750.7637149076048,335,827,277045,180998.0,180096.0,0,255,0.0,255,0.0,0.0,1.6504030702664907,0.8784835507219464,0,255,0.0,255,0.0,0.0,1.6148724393695377,0.7142959841051351,0,255,0.0,255,0.0,0.0,1.6068168415687305,0.6827974307692779,0.48752487272009365,5.371228136002206,177.6016923092545,0.035049281134530125,0.750647753266074
Larsen_C_North_2023-12-09_S2_RAW,2023-12-09,13.098523,SENTINEL2,Larsen_C_North,171.82164276695528,179.96861096079846,182.8274698873657,93.49932245116264,95.68555632231075,94.956354496601,0.9547311714501522,1.0158853197299411,0.9398021143798317,178.20590787170644,94.70707752183952,255.0,0.16340516613016162,0.21211962309875393,-2.4479398847948026,0.9556533840388007,4.927243936934993,20.836671567266116,261.062598921323,257161,0.16106063111271446,1186,596.2196078431373,1341,1,1185,461.0664430735175,4.447879240445616,0.6218154685631153,0.12283837454241092,0.9742922369674075,0.01518323284501512,20.305044492544493,7.553721750075379,2.7180811509670106,3.963205445478916,4.9645471288764185,1.9134725792151965,1.2716368456146796,1206975,75.59317129629629,4327.190042307233,0.6857089761545085,0.9540994571935395,0.888824274996725,1353.8817875547375,985.4578076320915,0.13412518850658273,611.9200743290814,424.7504090389899,1188,951,1129788,1052493.0,1004183.0,0,255,226.0,255,153.0,229.0,-1.1673183617120304,-0.5990916408070661,0,255,235.0,255,166.0,238.0,-1.1713266354128407,-0.5895018135259473,0,255,237.0,255,168.0,241.0,-1.1701842577803283,-0.5888044010180757,2.855944868702494,12.083523866460407,246.05018684090538,0.22215444267335838,1.7280076120555719
Larsen_C_Central_2019-11-20_S2_RAW,2019-11-20,17.433849,SENTINEL2,Larsen_C_Central,141.8049129183279,142.38753898178678,144.3420200036268,112.79589717276038,112.76724772895044,113.88993173448168,0.9959081667698956,1.0137264892399656,0.982422948734309,142.8448239679138,113.13920042928622,255.0,0.026268666083431137,0.0893278489002846,-1.146645582964288,0.646773291378161,11.465128359230201,25.782508194499318,282.49090447501334,208148,0.13290714097806292,1172,822.3906705539358,1164,1,1171,733.3124406195469,9.922240910725861,0.4525836920535853,0.35354832747062764,0.9711898779497111,0.12499721687551513,21.46493682460303,7.495080427094823,7.0993195105667555,9.083755885819235,10.368157630203486,2.8383487354301664,2.172762135566228,964109,61.5605102048635,8474.622217687307,0.6836116355920481,0.9882884655993538,0.7710959681998865,1338.380704767398,976.8117561431468,-0.3832173719509992,639.122556681869,904.7514440794557,1174,1065,1250310,975534.0,970646.0,0,255,226.0,255,0.0,239.0,-0.4072879428515602,-1.7781299662451209,0,255,227.0,255,0.0,238.0,-0.4177087612843868,-1.7741983011909503,0,255,230.0,255,0.0,241.0,-0.4208659597393024,-1.7700860648625436,7.277368876082266,15.878692496525916,272.29176549347864,0.00891647929644429,1.4418902347908682
Totten_Shelf_2020-11-21_S2_RAW,2020-11-21,22.920826,SENTINEL2,Totten_Shelf,243.30322053596475,245.5151254520064,245.30609673014024,41.14438533292758,40.30981338902919,40.12584162062417,0.9909907590741365,0.9991486116320482,0.9918351960225513,244.70814757270387,40.48729292175449,255.0,0.01850564090272552,0.07650453322248602,1.039469632177289,0.7657292061642421,9.873940952489054,31.699345588671235,285.0986671312232,249388,0.15375955263312033,1195,618.3353115727003,1352,1,1194,1028.5821207671804,8.19186585891462,0.6755399769498248,0.5622683790211626,0.6853490465394411,0.3164611098052628,22.58381562762996,5.204250612313622,5.6977650584824895,8.189816778384058,10.041008817678318,1.5813888961534355,1.3526601861570673,1577044,97.23225653309164,20648.53830027556,0.46346931165329774,0.9722393314158706,0.9722393314158706,1558.5862775683893,1381.083516783507,1.5649528685645098,597.1894085200859,682.9415013802318,1197,1355,1621935,1621935.0,1616368.0,0,255,255.0,255,251.0,255.0,-4.717404768944455,22.25324635601816,0,255,255.0,255,255.0,255.0,-4.952635852931282,24.353291703475723,0,255,255.0,255,255.0,255.0,-4.943391856846266,24.28224862085909,5.827989290903849,19.218687911980346,285.0986671312232,0.08958198866428482,1.5065425591371333
Mertz_Front_2018-12-15_S2_RAW,2018-12-15,5.395318,SENTINEL2,Mertz_Front,36.345232823276675,39.75227782384201,40.85550658613802,69.98128541155076,75.00018386353774,77.01233636601742,0.9142930874111235,1.0277525923692241,0.8896042629298688,38.98433907775223,73.9478810039434,255.0,0.2764474197958267,0.39803181276406285,-0.38915774377233553,0.7134423406701089,41.87685053510891,60.098650751219715,285.0986671312232,260976,0.15368597595447178,1350,366.87958115183244,1253,1,1349,4891.031401569276,33.71848383797828,0.5815931421447357,0.5334941536510966,0.5501793208566108,0.2851135089564065,21.538121749331022,7.213975669679888,26.784098164838426,33.69145228243928,37.44709703194861,2.23035272361101,2.092309519286675,230974,13.601811894621793,7580.097397793778,0.7914687442476817,0.5540484069527112,0.33817497466583024,411.62363694376376,251.58833591158827,-1.2864455691725685,1011.8558586105676,1100.9878913894324,371,391,145061,88541.0,52617.0,0,255,0.0,255,0.0,28.0,1.8496528620680366,2.0732115650433984,0,255,0.0,255,0.0,32.0,1.7714145226338391,1.6856457229848392,0,255,1.0,255,0.0,31.0,1.765547973496445,1.6271117416914915,26.90988013023348,40.5454172858942,279.1368143242863,0.13068976465487853,1.4602888181999911
Larsen_C_South_2021-11-10_S2_RAW,2021-11-10,13.187839,SENTINEL2,Larsen_C_South,158.6316395527971,162.09189672834952,161.7994885683825,110.8977920859318,111.81860299734812,111.39127367944478,0.9786524974690788,0.9981960346817528,0.9804211432080976,160.84100828317634,111.31923938829986,255.0,0.05895172449767382,0.15505920600802678,0.37379607431182177,0.693438843257418,33.74657469455882,61.117455467657514,285.0986671312232,210509,0.1371826686720764,1157,819.5064935064935,1321,1,1156,4552.28796421604,29.10740091800531,0.5124366055319499,0.3226813200082688,0.8152730957574784,0.10453719133274615,21.159275628276276,6.876132273136176,18.380234369070227,26.7680194420073,32.770252030230466,2.5073923374179103,1.8871395567211315,962865,62.747146331481716,70361.04277423985,0.5977733298157794,0.6753542150050255,0.587636101546025,1472.9061681958342,1180.777574979159,0.909336100410265,479.0170604067483,779.6150119158913,1159,1324,1534516,1335206.0,1068079.0,0,255,238.0,255,10.0,255.0,-0.5110721982287639,-1.5781094488254255,0,255,249.0,255,10.0,255.0,-0.5528109124608652,-1.5431893558682548,0,255,244.0,255,11.0,255.0,-0.5561088539293839,-1.5383012043263402,19.238339696400118,36.34596433242602,285.0986671312232,0.10347052122853634,1.459065739965051
Totten_Shelf_2024-02-21_S2_RAW,2024-02-21,10.504059,SENTINEL2,Totten_Shelf,4.200693615958716,7.372853412744654,9.277920508528393,12.810755521958761,12.474066990364799,12.4367737305366,0.5697514084086436,1.2583893899700782,0.4527624064090767,6.950489179077259,12.555108790848474,255.0,0.721638233423504,0.20078740547848933,-2.648327554858329,0.912005721560975,2.267807434000787,8.027705986779463,273.62311874385017,202061,0.12458020820809712,1195,522.5235602094241,1352,1,1194,70.69825557377239,1.9798400319861038,0.7381076622955947,0.4372433144971624,0.7751996485946103,0.19143640629768677,21.14842271730988,6.653293280408657,1.1616580793489315,1.705746403943329,2.144585274589137,1.3442158153218218,1.4023970108619364,25110,1.5481508198540632,264.62846301849606,0.9128858087167188,0.7912391475927387,0.5842074592074592,83.03024507431026,33.89419291869165,-0.2028642516882445,1157.44289276808,30.964089775561096,78,44,3432,2534.0,2005.0,0,255,1.0,255,1.0,2.0,9.667960154523785,133.84932268778195,0,255,5.0,255,4.0,5.0,10.163110694509223,147.24074393385044,0,255,7.0,255,6.0,7.0,10.311956146055389,151.09602698942868,1.271509188639504,4.55922900413645,173.24260445975753,0.3129507939571771,1.6207390837535045
Dotson_Front_2021-11-10_S2_RAW,2021-11-10,4.877271,SENTINEL2,Dotson_Front,3.7134197483797178,4.243263801898952,6.008463591307663,27.495311164841358,27.819263140262855,27.898785229416106,0.8751328980843399,1.4160004825712569,0.6180314970519339,4.655049047195444,27.699296613172518,255.0,0.592140786585625,0.4639396823414716,-1.4091523135862982,0.6801290779369316,1.9781284099707788,12.866573908826831,285.0986671312232,159889,0.14513461503549188,901,791.843537414966,1046,1,900,176.1135783567288,1.674345801422974,0.7749250181394362,0.5720379569774727,0.8833120480996907,0.3272749303883955,21.97610151952508,6.6051011540751805,1.1759096671774236,1.7123343329234033,2.1494733464447005,1.0461171063947534,0.9379923429394453,12995,1.1795835375705752,299.6812408671319,0.810103785085484,0.9365232026929551,0.5532670454545454,99.69120972587248,58.44761020206945,-0.9404762367155055,875.1661103979461,1187.7507060333762,80,88,7040,4159.0,3895.0,0,255,0.0,255,0.0,0.0,8.762024301504328,76.0870334484951,0,255,0.0,255,0.0,1.0,8.637272353441027,74.10695817281633,0,255,2.0,255,0.0,4.0,8.471499026070491,71.80381983220393,1.1745389359466147,7.228092837204159,189.53305194022963,0.15628092274194993,1.4784988676317314
Ross_North_West_2018-12-19_S2_RAW,2018-12-19,17.73961,SENTINEL2,Ross_North_West,23.755754768460733,23.755754768460733,23.755754768460733,74.11735006959074,74.11735006959074,74.11735006959074,0.9999999999957906,0.9999999999957906,0.9999999999957906,23.755754768460733,74.11735006959074,255.0,0.0,0.0,0.0,0.002019657160060966,0.4630873108641414,10.638058456259893,285.0986671312232,582,0.0009126090583505297,150,2.5,553,63,87,114.80508102074292,0.45198850795568074,0.9982205452668174,0.9112488792444333,0.9893525525870223,0.8303745886175417,23.942588736334386,0.7359426102193362,0.2295981209280391,0.42508313895404454,0.6127344403059078,0.005690192661507175,0.06714621576941156,59411,9.315982262141462,1358.4507934888322,0.9771530704908117,0.9953925543678585,0.7076444804421363,625.669962882,132.97787038924474,-1.4881707388429741,55.940819040245074,239.38275740182794,151,556,83956,59686.0,59411.0,0,255,0.0,255,0.0,0.0,2.799459104626138,5.836971278474142,0,255,0.0,255,0.0,0.0,2.799459104626138,5.836971278474142,0,255,0.0,255,0.0,0.0,2.799459104626138,5.836971278474142,0.2368941065206893,5.725026889940078,180.31222920256963,-0.002955717436405694,0.0717272970125201
Larsen_C_Central_2018-12-16_S2_RAW,2018-12-16,9.079235,SENTINEL2,Larsen_C_Central,39.32933511949307,40.66893065392346,41.04547364307625,88.1586843357956,91.15291760253069,91.99132711358227,0.9670609599763876,1.0092587383783482,0.9581893355987989,40.34791313883093,90.4329996931495,255.0,0.006960872722378976,0.01614713962958627,-0.36411803445645924,0.16542261237354067,0.8526128881273077,9.769312241369914,285.0986671312232,45713,0.029188770180497484,906,1332.0,570,1,905,105.35499732082832,0.7725594150800285,0.9169165519428183,0.8334982784829187,0.9935109766640213,0.6947196244570962,23.421982790546807,3.6034023533297006,0.4991594357256417,0.7568996857816043,0.9804180024682595,0.39576068626817223,0.9257868909591045,260221,16.615691302559963,2577.581961293019,0.8839473437571087,0.9964235798663629,0.5001518401488417,916.3626083861627,428.4787441037536,0.4328739585256322,307.4468278886024,1136.944543292048,908,573,520284,261155.0,260221.0,0,255,0.0,255,0.0,0.0,1.7984646233221993,1.2421489386916775,0,255,0.0,255,0.0,0.0,1.7976841018589338,1.2378508462182838,0,255,0.0,255,0.0,0.0,1.7971757907574506,1.2350450113814082,0.49646037221106193,6.044129774755313,284.4284717737582,0.027952346816954767,0.7523253350743854
Pine_Island_East_2018-12-18_S2_RAW,2018-12-18,1.585853,SENTINEL2,Pine_Island_East,87.94593861796272,90.25562919726354,91.57180819682421,110.87746978228503,113.32833727813914,114.68474130614884,0.9744094567846823,1.0145827912470984,0.9604040845064008,89.92445867068352,112.92997681216896,255.0,0.017389777247452175,0.04077669672396042,-0.6356945742621636,0.37183581246469594,4.4502264385136305,16.302974015008378,280.96651144852757,49024,0.06153768907299316,676,948.7654320987655,514,1,675,260.9487448092255,3.8719773147559304,0.7255193247324434,0.6070422094376159,0.9897092174056183,0.3685006379717077,21.8519801669491,5.86249254202986,2.5329930598609165,3.378930883641575,3.989058376218862,1.4265365506080683,1.9550808887029665,312016,39.16600765706396,3577.8002153624993,0.7332660289889957,0.9951806383501262,0.8918616084699641,785.3519792222017,533.9936842078782,0.1476283802458818,324.67489808214964,942.2649062868571,678,516,349848,313527.0,312737.0,0,255,0.0,255,0.0,224.0,0.5076356319678821,-1.6790320291171654,0,255,0.0,255,0.0,229.0,0.489137273788215,-1.712937363510881,0,255,0.0,255,0.0,233.0,0.47730425245000163,-1.7340636466859782,2.679134778437797,9.690858573055422,177.60638439475588,-0.01730460666496178,1.0800526851659802
Totten_Shelf_2021-11-10_S2_RAW,2021-11-10,7.50184,SENTINEL2,Totten_Shelf,189.68636782608428,191.59392947312932,192.90952288470254,105.53452668411154,106.3836715090387,106.76395015024843,0.9900437260596424,1.0068665714779708,0.9832918820672063,191.39660672797206,106.2176178716176,255.0,0.017239800201052133,0.0394924454846165,-0.44915452899385727,0.7679382959243126,4.82487909304598,18.711250121863056,285.0986671312232,272272,0.16786862605468159,1195,649.1859410430839,1352,1,1194,373.3098230403448,4.257019217657154,0.5787823908515471,0.2801008376202568,0.983345979416831,0.0784845666499968,21.807288824767948,7.176626157319092,2.930193573411466,3.9824629442467785,4.778384907412226,1.9406877895510808,1.328407258389908,1227111,75.65722424141535,12620.59627743486,0.6744581110973058,0.9662858155609382,0.7563336385243552,1531.8786596190191,1131.006105601622,0.8230726341659325,662.2819900808984,540.6104078831098,1197,1355,1621935,1269525.0,1236435.0,0,255,250.0,255,157.0,253.0,-1.1859716359945967,-0.5458760698311833,0,255,253.0,255,163.0,255.0,-1.1918115321110925,-0.53430212264586,0,255,255.0,255,170.0,255.0,-1.199299837809812,-0.5170737791760445,2.990566423193738,11.179515050559786,285.0986671312232,-0.030198180023570474,1.5772732075090492
